top,sub
http://data.odeuropa.eu/vocabulary/olfactory-objects/560,http://data.odeuropa.eu/vocabulary/olfactory-objects/560
http://data.odeuropa.eu/vocabulary/olfactory-objects/560,http://data.odeuropa.eu/vocabulary/olfactory-objects/415
http://data.odeuropa.eu/vocabulary/olfactory-objects/560,http://data.odeuropa.eu/vocabulary/olfactory-objects/79
http://data.odeuropa.eu/vocabulary/olfactory-objects/560,http://data.odeuropa.eu/vocabulary/olfactory-objects/93
http://data.odeuropa.eu/vocabulary/olfactory-objects/560,http://data.odeuropa.eu/vocabulary/olfactory-objects/104
http://data.odeuropa.eu/vocabulary/olfactory-objects/560,http://data.odeuropa.eu/vocabulary/olfactory-objects/105
http://data.odeuropa.eu/vocabulary/olfactory-objects/560,http://data.odeuropa.eu/vocabulary/olfactory-objects/138
http://data.odeuropa.eu/vocabulary/olfactory-objects/560,http://data.odeuropa.eu/vocabulary/olfactory-objects/150
http://data.odeuropa.eu/vocabulary/olfactory-objects/560,http://data.odeuropa.eu/vocabulary/olfactory-objects/162
http://data.odeuropa.eu/vocabulary/olfactory-objects/560,http://data.odeuropa.eu/vocabulary/olfactory-objects/170
http://data.odeuropa.eu/vocabulary/olfactory-objects/560,http://data.odeuropa.eu/vocabulary/olfactory-objects/171
http://data.odeuropa.eu/vocabulary/olfactory-objects/560,http://data.odeuropa.eu/vocabulary/olfactory-objects/172
http://data.odeuropa.eu/vocabulary/olfactory-objects/560,http://data.odeuropa.eu/vocabulary/olfactory-objects/175
http://data.odeuropa.eu/vocabulary/olfactory-objects/560,http://data.odeuropa.eu/vocabulary/olfactory-objects/200
http://data.odeuropa.eu/vocabulary/olfactory-objects/560,http://data.odeuropa.eu/vocabulary/olfactory-objects/201
http://data.odeuropa.eu/vocabulary/olfactory-objects/560,http://data.odeuropa.eu/vocabulary/olfactory-objects/202
http://data.odeuropa.eu/vocabulary/olfactory-objects/560,http://data.odeuropa.eu/vocabulary/olfactory-objects/203
http://data.odeuropa.eu/vocabulary/olfactory-objects/560,http://data.odeuropa.eu/vocabulary/olfactory-objects/209
http://data.odeuropa.eu/vocabulary/olfactory-objects/560,http://data.odeuropa.eu/vocabulary/olfactory-objects/210
http://data.odeuropa.eu/vocabulary/olfactory-objects/560,http://data.odeuropa.eu/vocabulary/olfactory-objects/218
http://data.odeuropa.eu/vocabulary/olfactory-objects/560,http://data.odeuropa.eu/vocabulary/olfactory-objects/219
http://data.odeuropa.eu/vocabulary/olfactory-objects/560,http://data.odeuropa.eu/vocabulary/olfactory-objects/221
http://data.odeuropa.eu/vocabulary/olfactory-objects/560,http://data.odeuropa.eu/vocabulary/olfactory-objects/223
http://data.odeuropa.eu/vocabulary/olfactory-objects/560,http://data.odeuropa.eu/vocabulary/olfactory-objects/224
http://data.odeuropa.eu/vocabulary/olfactory-objects/560,http://data.odeuropa.eu/vocabulary/olfactory-objects/225
http://data.odeuropa.eu/vocabulary/olfactory-objects/560,http://data.odeuropa.eu/vocabulary/olfactory-objects/226
http://data.odeuropa.eu/vocabulary/olfactory-objects/560,http://data.odeuropa.eu/vocabulary/olfactory-objects/231
http://data.odeuropa.eu/vocabulary/olfactory-objects/560,http://data.odeuropa.eu/vocabulary/olfactory-objects/232
http://data.odeuropa.eu/vocabulary/olfactory-objects/560,http://data.odeuropa.eu/vocabulary/olfactory-objects/234
http://data.odeuropa.eu/vocabulary/olfactory-objects/560,http://data.odeuropa.eu/vocabulary/olfactory-objects/235
http://data.odeuropa.eu/vocabulary/olfactory-objects/560,http://data.odeuropa.eu/vocabulary/olfactory-objects/236
http://data.odeuropa.eu/vocabulary/olfactory-objects/560,http://data.odeuropa.eu/vocabulary/olfactory-objects/237
http://data.odeuropa.eu/vocabulary/olfactory-objects/560,http://data.odeuropa.eu/vocabulary/olfactory-objects/250
http://data.odeuropa.eu/vocabulary/olfactory-objects/560,http://data.odeuropa.eu/vocabulary/olfactory-objects/255
http://data.odeuropa.eu/vocabulary/olfactory-objects/560,http://data.odeuropa.eu/vocabulary/olfactory-objects/257
http://data.odeuropa.eu/vocabulary/olfactory-objects/560,http://data.odeuropa.eu/vocabulary/olfactory-objects/258
http://data.odeuropa.eu/vocabulary/olfactory-objects/560,http://data.odeuropa.eu/vocabulary/olfactory-objects/268
http://data.odeuropa.eu/vocabulary/olfactory-objects/560,http://data.odeuropa.eu/vocabulary/olfactory-objects/329
http://data.odeuropa.eu/vocabulary/olfactory-objects/560,http://data.odeuropa.eu/vocabulary/olfactory-objects/350
http://data.odeuropa.eu/vocabulary/olfactory-objects/560,http://data.odeuropa.eu/vocabulary/olfactory-objects/351
http://data.odeuropa.eu/vocabulary/olfactory-objects/560,http://data.odeuropa.eu/vocabulary/olfactory-objects/352
http://data.odeuropa.eu/vocabulary/olfactory-objects/560,http://data.odeuropa.eu/vocabulary/olfactory-objects/353
http://data.odeuropa.eu/vocabulary/olfactory-objects/560,http://data.odeuropa.eu/vocabulary/olfactory-objects/354
http://data.odeuropa.eu/vocabulary/olfactory-objects/560,http://data.odeuropa.eu/vocabulary/olfactory-objects/355
http://data.odeuropa.eu/vocabulary/olfactory-objects/560,http://data.odeuropa.eu/vocabulary/olfactory-objects/356
http://data.odeuropa.eu/vocabulary/olfactory-objects/560,http://data.odeuropa.eu/vocabulary/olfactory-objects/357
http://data.odeuropa.eu/vocabulary/olfactory-objects/560,http://data.odeuropa.eu/vocabulary/olfactory-objects/358
http://data.odeuropa.eu/vocabulary/olfactory-objects/560,http://data.odeuropa.eu/vocabulary/olfactory-objects/359
http://data.odeuropa.eu/vocabulary/olfactory-objects/560,http://data.odeuropa.eu/vocabulary/olfactory-objects/360
http://data.odeuropa.eu/vocabulary/olfactory-objects/560,http://data.odeuropa.eu/vocabulary/olfactory-objects/361
http://data.odeuropa.eu/vocabulary/olfactory-objects/560,http://data.odeuropa.eu/vocabulary/olfactory-objects/362
http://data.odeuropa.eu/vocabulary/olfactory-objects/560,http://data.odeuropa.eu/vocabulary/olfactory-objects/372
http://data.odeuropa.eu/vocabulary/olfactory-objects/560,http://data.odeuropa.eu/vocabulary/olfactory-objects/384
http://data.odeuropa.eu/vocabulary/olfactory-objects/560,http://data.odeuropa.eu/vocabulary/olfactory-objects/388
http://data.odeuropa.eu/vocabulary/olfactory-objects/560,http://data.odeuropa.eu/vocabulary/olfactory-objects/389
http://data.odeuropa.eu/vocabulary/olfactory-objects/560,http://data.odeuropa.eu/vocabulary/olfactory-objects/390
http://data.odeuropa.eu/vocabulary/olfactory-objects/560,http://data.odeuropa.eu/vocabulary/olfactory-objects/391
http://data.odeuropa.eu/vocabulary/olfactory-objects/560,http://data.odeuropa.eu/vocabulary/olfactory-objects/396
http://data.odeuropa.eu/vocabulary/olfactory-objects/560,http://data.odeuropa.eu/vocabulary/olfactory-objects/407
http://data.odeuropa.eu/vocabulary/olfactory-objects/560,http://data.odeuropa.eu/vocabulary/olfactory-objects/408
http://data.odeuropa.eu/vocabulary/olfactory-objects/560,http://data.odeuropa.eu/vocabulary/olfactory-objects/409
http://data.odeuropa.eu/vocabulary/olfactory-objects/560,http://data.odeuropa.eu/vocabulary/olfactory-objects/419
http://data.odeuropa.eu/vocabulary/olfactory-objects/560,http://data.odeuropa.eu/vocabulary/olfactory-objects/421
http://data.odeuropa.eu/vocabulary/olfactory-objects/560,http://data.odeuropa.eu/vocabulary/olfactory-objects/422
http://data.odeuropa.eu/vocabulary/olfactory-objects/560,http://data.odeuropa.eu/vocabulary/olfactory-objects/425
http://data.odeuropa.eu/vocabulary/olfactory-objects/560,http://data.odeuropa.eu/vocabulary/olfactory-objects/429
http://data.odeuropa.eu/vocabulary/olfactory-objects/560,http://data.odeuropa.eu/vocabulary/olfactory-objects/434
http://data.odeuropa.eu/vocabulary/olfactory-objects/560,http://data.odeuropa.eu/vocabulary/olfactory-objects/435
http://data.odeuropa.eu/vocabulary/olfactory-objects/560,http://data.odeuropa.eu/vocabulary/olfactory-objects/437
http://data.odeuropa.eu/vocabulary/olfactory-objects/560,http://data.odeuropa.eu/vocabulary/olfactory-objects/438
http://data.odeuropa.eu/vocabulary/olfactory-objects/560,http://data.odeuropa.eu/vocabulary/olfactory-objects/439
http://data.odeuropa.eu/vocabulary/olfactory-objects/560,http://data.odeuropa.eu/vocabulary/olfactory-objects/440
http://data.odeuropa.eu/vocabulary/olfactory-objects/560,http://data.odeuropa.eu/vocabulary/olfactory-objects/476
http://data.odeuropa.eu/vocabulary/olfactory-objects/560,http://data.odeuropa.eu/vocabulary/olfactory-objects/543
http://data.odeuropa.eu/vocabulary/olfactory-objects/560,http://data.odeuropa.eu/vocabulary/olfactory-objects/545
http://data.odeuropa.eu/vocabulary/olfactory-objects/560,http://data.odeuropa.eu/vocabulary/olfactory-objects/550
http://data.odeuropa.eu/vocabulary/olfactory-objects/560,http://data.odeuropa.eu/vocabulary/olfactory-objects/552
http://data.odeuropa.eu/vocabulary/olfactory-objects/560,http://data.odeuropa.eu/vocabulary/olfactory-objects/61
http://data.odeuropa.eu/vocabulary/olfactory-objects/560,http://data.odeuropa.eu/vocabulary/olfactory-objects/72
http://data.odeuropa.eu/vocabulary/olfactory-objects/560,http://data.odeuropa.eu/vocabulary/olfactory-objects/73
http://data.odeuropa.eu/vocabulary/olfactory-objects/560,http://data.odeuropa.eu/vocabulary/olfactory-objects/78
http://data.odeuropa.eu/vocabulary/olfactory-objects/560,http://data.odeuropa.eu/vocabulary/olfactory-objects/81
http://data.odeuropa.eu/vocabulary/olfactory-objects/560,http://data.odeuropa.eu/vocabulary/olfactory-objects/82
http://data.odeuropa.eu/vocabulary/olfactory-objects/560,http://data.odeuropa.eu/vocabulary/olfactory-objects/87
http://data.odeuropa.eu/vocabulary/olfactory-objects/560,http://data.odeuropa.eu/vocabulary/olfactory-objects/91
http://data.odeuropa.eu/vocabulary/olfactory-objects/560,http://data.odeuropa.eu/vocabulary/olfactory-objects/92
http://data.odeuropa.eu/vocabulary/olfactory-objects/560,http://data.odeuropa.eu/vocabulary/olfactory-objects/139
http://data.odeuropa.eu/vocabulary/olfactory-objects/560,http://data.odeuropa.eu/vocabulary/olfactory-objects/18
http://data.odeuropa.eu/vocabulary/olfactory-objects/560,http://data.odeuropa.eu/vocabulary/olfactory-objects/74
http://data.odeuropa.eu/vocabulary/olfactory-objects/560,http://data.odeuropa.eu/vocabulary/olfactory-objects/557
http://data.odeuropa.eu/vocabulary/olfactory-objects/560,http://data.odeuropa.eu/vocabulary/olfactory-objects/410
http://data.odeuropa.eu/vocabulary/olfactory-objects/560,http://data.odeuropa.eu/vocabulary/olfactory-objects/239
http://data.odeuropa.eu/vocabulary/olfactory-objects/560,http://data.odeuropa.eu/vocabulary/olfactory-objects/24
http://data.odeuropa.eu/vocabulary/olfactory-objects/560,http://data.odeuropa.eu/vocabulary/olfactory-objects/402
http://data.odeuropa.eu/vocabulary/olfactory-objects/560,http://data.odeuropa.eu/vocabulary/olfactory-objects/482
http://data.odeuropa.eu/vocabulary/olfactory-objects/560,http://data.odeuropa.eu/vocabulary/olfactory-objects/486
http://data.odeuropa.eu/vocabulary/olfactory-objects/560,http://data.odeuropa.eu/vocabulary/olfactory-objects/487
http://data.odeuropa.eu/vocabulary/olfactory-objects/560,http://data.odeuropa.eu/vocabulary/olfactory-objects/497
http://data.odeuropa.eu/vocabulary/olfactory-objects/560,http://data.odeuropa.eu/vocabulary/olfactory-objects/523
http://data.odeuropa.eu/vocabulary/olfactory-objects/560,http://data.odeuropa.eu/vocabulary/olfactory-objects/527
http://data.odeuropa.eu/vocabulary/olfactory-objects/560,http://data.odeuropa.eu/vocabulary/olfactory-objects/528
http://data.odeuropa.eu/vocabulary/olfactory-objects/560,http://data.odeuropa.eu/vocabulary/olfactory-objects/529
http://data.odeuropa.eu/vocabulary/olfactory-objects/560,http://data.odeuropa.eu/vocabulary/olfactory-objects/530
http://data.odeuropa.eu/vocabulary/olfactory-objects/560,http://data.odeuropa.eu/vocabulary/olfactory-objects/227
http://data.odeuropa.eu/vocabulary/olfactory-objects/560,http://data.odeuropa.eu/vocabulary/olfactory-objects/532
http://data.odeuropa.eu/vocabulary/olfactory-objects/560,http://data.odeuropa.eu/vocabulary/olfactory-objects/567
http://data.odeuropa.eu/vocabulary/olfactory-objects/560,http://data.odeuropa.eu/vocabulary/olfactory-objects/568
http://data.odeuropa.eu/vocabulary/olfactory-objects/560,http://data.odeuropa.eu/vocabulary/olfactory-objects/569
http://data.odeuropa.eu/vocabulary/olfactory-objects/560,http://data.odeuropa.eu/vocabulary/olfactory-objects/570
http://data.odeuropa.eu/vocabulary/olfactory-objects/560,http://data.odeuropa.eu/vocabulary/olfactory-objects/573
http://data.odeuropa.eu/vocabulary/olfactory-objects/560,http://data.odeuropa.eu/vocabulary/olfactory-objects/575
http://data.odeuropa.eu/vocabulary/olfactory-objects/560,http://data.odeuropa.eu/vocabulary/olfactory-objects/531
http://data.odeuropa.eu/vocabulary/olfactory-objects/560,http://data.odeuropa.eu/vocabulary/olfactory-objects/370
http://data.odeuropa.eu/vocabulary/olfactory-objects/560,http://data.odeuropa.eu/vocabulary/olfactory-objects/27
http://data.odeuropa.eu/vocabulary/olfactory-objects/560,http://data.odeuropa.eu/vocabulary/olfactory-objects/626
http://data.odeuropa.eu/vocabulary/olfactory-objects/560,http://data.odeuropa.eu/vocabulary/olfactory-objects/630
http://data.odeuropa.eu/vocabulary/olfactory-objects/560,http://data.odeuropa.eu/vocabulary/olfactory-objects/642
http://data.odeuropa.eu/vocabulary/olfactory-objects/560,http://data.odeuropa.eu/vocabulary/olfactory-objects/643
http://data.odeuropa.eu/vocabulary/olfactory-objects/560,http://data.odeuropa.eu/vocabulary/olfactory-objects/645
http://data.odeuropa.eu/vocabulary/olfactory-objects/560,http://data.odeuropa.eu/vocabulary/olfactory-objects/652
http://data.odeuropa.eu/vocabulary/olfactory-objects/560,http://data.odeuropa.eu/vocabulary/olfactory-objects/661
http://data.odeuropa.eu/vocabulary/olfactory-objects/560,http://data.odeuropa.eu/vocabulary/olfactory-objects/662
http://data.odeuropa.eu/vocabulary/olfactory-objects/560,http://data.odeuropa.eu/vocabulary/olfactory-objects/665
http://data.odeuropa.eu/vocabulary/olfactory-objects/560,http://data.odeuropa.eu/vocabulary/olfactory-objects/666
http://data.odeuropa.eu/vocabulary/olfactory-objects/560,http://data.odeuropa.eu/vocabulary/olfactory-objects/670
http://data.odeuropa.eu/vocabulary/olfactory-objects/560,http://data.odeuropa.eu/vocabulary/olfactory-objects/673
http://data.odeuropa.eu/vocabulary/olfactory-objects/560,http://data.odeuropa.eu/vocabulary/olfactory-objects/677
http://data.odeuropa.eu/vocabulary/olfactory-objects/560,http://data.odeuropa.eu/vocabulary/olfactory-objects/625
http://data.odeuropa.eu/vocabulary/olfactory-objects/560,http://data.odeuropa.eu/vocabulary/olfactory-objects/651
http://data.odeuropa.eu/vocabulary/olfactory-objects/560,http://data.odeuropa.eu/vocabulary/olfactory-objects/658
http://data.odeuropa.eu/vocabulary/olfactory-objects/560,http://data.odeuropa.eu/vocabulary/olfactory-objects/668
http://data.odeuropa.eu/vocabulary/olfactory-objects/560,http://data.odeuropa.eu/vocabulary/olfactory-objects/675
http://data.odeuropa.eu/vocabulary/olfactory-objects/560,http://data.odeuropa.eu/vocabulary/olfactory-objects/426
http://data.odeuropa.eu/vocabulary/olfactory-objects/560,http://data.odeuropa.eu/vocabulary/olfactory-objects/579
http://data.odeuropa.eu/vocabulary/olfactory-objects/560,http://data.odeuropa.eu/vocabulary/olfactory-objects/585
http://data.odeuropa.eu/vocabulary/olfactory-objects/560,http://data.odeuropa.eu/vocabulary/olfactory-objects/586
http://data.odeuropa.eu/vocabulary/olfactory-objects/560,http://data.odeuropa.eu/vocabulary/olfactory-objects/591
http://data.odeuropa.eu/vocabulary/olfactory-objects/560,http://data.odeuropa.eu/vocabulary/olfactory-objects/595
http://data.odeuropa.eu/vocabulary/olfactory-objects/560,http://data.odeuropa.eu/vocabulary/olfactory-objects/597
http://data.odeuropa.eu/vocabulary/olfactory-objects/560,http://data.odeuropa.eu/vocabulary/olfactory-objects/600
http://data.odeuropa.eu/vocabulary/olfactory-objects/560,http://data.odeuropa.eu/vocabulary/olfactory-objects/684
http://data.odeuropa.eu/vocabulary/olfactory-objects/560,http://data.odeuropa.eu/vocabulary/olfactory-objects/88
http://data.odeuropa.eu/vocabulary/olfactory-objects/560,http://data.odeuropa.eu/vocabulary/olfactory-objects/403
http://data.odeuropa.eu/vocabulary/olfactory-objects/560,http://data.odeuropa.eu/vocabulary/olfactory-objects/551
http://data.odeuropa.eu/vocabulary/olfactory-objects/560,http://data.odeuropa.eu/vocabulary/olfactory-objects/297
http://data.odeuropa.eu/vocabulary/olfactory-objects/560,http://data.odeuropa.eu/vocabulary/olfactory-objects/314
http://data.odeuropa.eu/vocabulary/olfactory-objects/560,http://data.odeuropa.eu/vocabulary/olfactory-objects/156
http://data.odeuropa.eu/vocabulary/olfactory-objects/560,http://data.odeuropa.eu/vocabulary/olfactory-objects/331
http://data.odeuropa.eu/vocabulary/olfactory-objects/560,http://data.odeuropa.eu/vocabulary/olfactory-objects/330
http://data.odeuropa.eu/vocabulary/olfactory-objects/560,http://data.odeuropa.eu/vocabulary/olfactory-objects/322
http://data.odeuropa.eu/vocabulary/olfactory-objects/560,http://data.odeuropa.eu/vocabulary/olfactory-objects/327
http://data.odeuropa.eu/vocabulary/olfactory-objects/560,http://data.odeuropa.eu/vocabulary/olfactory-objects/332
http://data.odeuropa.eu/vocabulary/olfactory-objects/560,http://data.odeuropa.eu/vocabulary/olfactory-objects/110
http://data.odeuropa.eu/vocabulary/olfactory-objects/560,http://data.odeuropa.eu/vocabulary/olfactory-objects/298
http://data.odeuropa.eu/vocabulary/olfactory-objects/560,http://data.odeuropa.eu/vocabulary/olfactory-objects/299
http://data.odeuropa.eu/vocabulary/olfactory-objects/560,http://data.odeuropa.eu/vocabulary/olfactory-objects/300
http://data.odeuropa.eu/vocabulary/olfactory-objects/560,http://data.odeuropa.eu/vocabulary/olfactory-objects/301
http://data.odeuropa.eu/vocabulary/olfactory-objects/560,http://data.odeuropa.eu/vocabulary/olfactory-objects/302
http://data.odeuropa.eu/vocabulary/olfactory-objects/560,http://data.odeuropa.eu/vocabulary/olfactory-objects/303
http://data.odeuropa.eu/vocabulary/olfactory-objects/560,http://data.odeuropa.eu/vocabulary/olfactory-objects/304
http://data.odeuropa.eu/vocabulary/olfactory-objects/560,http://data.odeuropa.eu/vocabulary/olfactory-objects/305
http://data.odeuropa.eu/vocabulary/olfactory-objects/560,http://data.odeuropa.eu/vocabulary/olfactory-objects/306
http://data.odeuropa.eu/vocabulary/olfactory-objects/560,http://data.odeuropa.eu/vocabulary/olfactory-objects/307
http://data.odeuropa.eu/vocabulary/olfactory-objects/560,http://data.odeuropa.eu/vocabulary/olfactory-objects/308
http://data.odeuropa.eu/vocabulary/olfactory-objects/560,http://data.odeuropa.eu/vocabulary/olfactory-objects/309
http://data.odeuropa.eu/vocabulary/olfactory-objects/560,http://data.odeuropa.eu/vocabulary/olfactory-objects/310
http://data.odeuropa.eu/vocabulary/olfactory-objects/560,http://data.odeuropa.eu/vocabulary/olfactory-objects/311
http://data.odeuropa.eu/vocabulary/olfactory-objects/560,http://data.odeuropa.eu/vocabulary/olfactory-objects/313
http://data.odeuropa.eu/vocabulary/olfactory-objects/560,http://data.odeuropa.eu/vocabulary/olfactory-objects/315
http://data.odeuropa.eu/vocabulary/olfactory-objects/560,http://data.odeuropa.eu/vocabulary/olfactory-objects/316
http://data.odeuropa.eu/vocabulary/olfactory-objects/560,http://data.odeuropa.eu/vocabulary/olfactory-objects/446
http://data.odeuropa.eu/vocabulary/olfactory-objects/560,http://data.odeuropa.eu/vocabulary/olfactory-objects/447
http://data.odeuropa.eu/vocabulary/olfactory-objects/560,http://data.odeuropa.eu/vocabulary/olfactory-objects/485
http://data.odeuropa.eu/vocabulary/olfactory-objects/560,http://data.odeuropa.eu/vocabulary/olfactory-objects/494
http://data.odeuropa.eu/vocabulary/olfactory-objects/560,http://data.odeuropa.eu/vocabulary/olfactory-objects/495
http://data.odeuropa.eu/vocabulary/olfactory-objects/560,http://data.odeuropa.eu/vocabulary/olfactory-objects/507
http://data.odeuropa.eu/vocabulary/olfactory-objects/560,http://data.odeuropa.eu/vocabulary/olfactory-objects/603
http://data.odeuropa.eu/vocabulary/olfactory-objects/560,http://data.odeuropa.eu/vocabulary/olfactory-objects/609
http://data.odeuropa.eu/vocabulary/olfactory-objects/533,http://data.odeuropa.eu/vocabulary/olfactory-objects/533
http://data.odeuropa.eu/vocabulary/olfactory-objects/533,http://data.odeuropa.eu/vocabulary/olfactory-objects/270
http://data.odeuropa.eu/vocabulary/olfactory-objects/533,http://data.odeuropa.eu/vocabulary/olfactory-objects/168
http://data.odeuropa.eu/vocabulary/olfactory-objects/533,http://data.odeuropa.eu/vocabulary/olfactory-objects/366
http://data.odeuropa.eu/vocabulary/olfactory-objects/533,http://data.odeuropa.eu/vocabulary/olfactory-objects/233
http://data.odeuropa.eu/vocabulary/olfactory-objects/533,http://data.odeuropa.eu/vocabulary/olfactory-objects/392
http://data.odeuropa.eu/vocabulary/olfactory-objects/533,http://data.odeuropa.eu/vocabulary/olfactory-objects/107
http://data.odeuropa.eu/vocabulary/olfactory-objects/533,http://data.odeuropa.eu/vocabulary/olfactory-objects/145
http://data.odeuropa.eu/vocabulary/olfactory-objects/533,http://data.odeuropa.eu/vocabulary/olfactory-objects/160
http://data.odeuropa.eu/vocabulary/olfactory-objects/533,http://data.odeuropa.eu/vocabulary/olfactory-objects/166
http://data.odeuropa.eu/vocabulary/olfactory-objects/533,http://data.odeuropa.eu/vocabulary/olfactory-objects/207
http://data.odeuropa.eu/vocabulary/olfactory-objects/533,http://data.odeuropa.eu/vocabulary/olfactory-objects/241
http://data.odeuropa.eu/vocabulary/olfactory-objects/533,http://data.odeuropa.eu/vocabulary/olfactory-objects/367
http://data.odeuropa.eu/vocabulary/olfactory-objects/533,http://data.odeuropa.eu/vocabulary/olfactory-objects/368
http://data.odeuropa.eu/vocabulary/olfactory-objects/533,http://data.odeuropa.eu/vocabulary/olfactory-objects/369
http://data.odeuropa.eu/vocabulary/olfactory-objects/533,http://data.odeuropa.eu/vocabulary/olfactory-objects/371
http://data.odeuropa.eu/vocabulary/olfactory-objects/533,http://data.odeuropa.eu/vocabulary/olfactory-objects/375
http://data.odeuropa.eu/vocabulary/olfactory-objects/533,http://data.odeuropa.eu/vocabulary/olfactory-objects/376
http://data.odeuropa.eu/vocabulary/olfactory-objects/533,http://data.odeuropa.eu/vocabulary/olfactory-objects/418
http://data.odeuropa.eu/vocabulary/olfactory-objects/533,http://data.odeuropa.eu/vocabulary/olfactory-objects/432
http://data.odeuropa.eu/vocabulary/olfactory-objects/533,http://data.odeuropa.eu/vocabulary/olfactory-objects/553
http://data.odeuropa.eu/vocabulary/olfactory-objects/533,http://data.odeuropa.eu/vocabulary/olfactory-objects/76
http://data.odeuropa.eu/vocabulary/olfactory-objects/533,http://data.odeuropa.eu/vocabulary/olfactory-objects/98
http://data.odeuropa.eu/vocabulary/olfactory-objects/533,http://data.odeuropa.eu/vocabulary/olfactory-objects/537
http://data.odeuropa.eu/vocabulary/olfactory-objects/533,http://data.odeuropa.eu/vocabulary/olfactory-objects/565
http://data.odeuropa.eu/vocabulary/olfactory-objects/533,http://data.odeuropa.eu/vocabulary/olfactory-objects/622
http://data.odeuropa.eu/vocabulary/olfactory-objects/533,http://data.odeuropa.eu/vocabulary/olfactory-objects/628
http://data.odeuropa.eu/vocabulary/olfactory-objects/533,http://data.odeuropa.eu/vocabulary/olfactory-objects/629
http://data.odeuropa.eu/vocabulary/olfactory-objects/533,http://data.odeuropa.eu/vocabulary/olfactory-objects/632
http://data.odeuropa.eu/vocabulary/olfactory-objects/533,http://data.odeuropa.eu/vocabulary/olfactory-objects/639
http://data.odeuropa.eu/vocabulary/olfactory-objects/533,http://data.odeuropa.eu/vocabulary/olfactory-objects/649
http://data.odeuropa.eu/vocabulary/olfactory-objects/533,http://data.odeuropa.eu/vocabulary/olfactory-objects/663
http://data.odeuropa.eu/vocabulary/olfactory-objects/533,http://data.odeuropa.eu/vocabulary/olfactory-objects/52
http://data.odeuropa.eu/vocabulary/olfactory-objects/533,http://data.odeuropa.eu/vocabulary/olfactory-objects/94
http://data.odeuropa.eu/vocabulary/olfactory-objects/533,http://data.odeuropa.eu/vocabulary/olfactory-objects/80
http://data.odeuropa.eu/vocabulary/olfactory-objects/533,http://data.odeuropa.eu/vocabulary/olfactory-objects/17
http://data.odeuropa.eu/vocabulary/olfactory-objects/533,http://data.odeuropa.eu/vocabulary/olfactory-objects/641
http://data.odeuropa.eu/vocabulary/olfactory-objects/533,http://data.odeuropa.eu/vocabulary/olfactory-objects/647
http://data.odeuropa.eu/vocabulary/olfactory-objects/559,http://data.odeuropa.eu/vocabulary/olfactory-objects/559
http://data.odeuropa.eu/vocabulary/olfactory-objects/559,http://data.odeuropa.eu/vocabulary/olfactory-objects/135
http://data.odeuropa.eu/vocabulary/olfactory-objects/559,http://data.odeuropa.eu/vocabulary/olfactory-objects/147
http://data.odeuropa.eu/vocabulary/olfactory-objects/559,http://data.odeuropa.eu/vocabulary/olfactory-objects/261
http://data.odeuropa.eu/vocabulary/olfactory-objects/559,http://data.odeuropa.eu/vocabulary/olfactory-objects/198
http://data.odeuropa.eu/vocabulary/olfactory-objects/559,http://data.odeuropa.eu/vocabulary/olfactory-objects/199
http://data.odeuropa.eu/vocabulary/olfactory-objects/559,http://data.odeuropa.eu/vocabulary/olfactory-objects/246
http://data.odeuropa.eu/vocabulary/olfactory-objects/559,http://data.odeuropa.eu/vocabulary/olfactory-objects/249
http://data.odeuropa.eu/vocabulary/olfactory-objects/559,http://data.odeuropa.eu/vocabulary/olfactory-objects/262
http://data.odeuropa.eu/vocabulary/olfactory-objects/559,http://data.odeuropa.eu/vocabulary/olfactory-objects/263
http://data.odeuropa.eu/vocabulary/olfactory-objects/559,http://data.odeuropa.eu/vocabulary/olfactory-objects/379
http://data.odeuropa.eu/vocabulary/olfactory-objects/559,http://data.odeuropa.eu/vocabulary/olfactory-objects/380
http://data.odeuropa.eu/vocabulary/olfactory-objects/559,http://data.odeuropa.eu/vocabulary/olfactory-objects/381
http://data.odeuropa.eu/vocabulary/olfactory-objects/559,http://data.odeuropa.eu/vocabulary/olfactory-objects/382
http://data.odeuropa.eu/vocabulary/olfactory-objects/559,http://data.odeuropa.eu/vocabulary/olfactory-objects/383
http://data.odeuropa.eu/vocabulary/olfactory-objects/559,http://data.odeuropa.eu/vocabulary/olfactory-objects/436
http://data.odeuropa.eu/vocabulary/olfactory-objects/559,http://data.odeuropa.eu/vocabulary/olfactory-objects/538
http://data.odeuropa.eu/vocabulary/olfactory-objects/559,http://data.odeuropa.eu/vocabulary/olfactory-objects/126
http://data.odeuropa.eu/vocabulary/olfactory-objects/559,http://data.odeuropa.eu/vocabulary/olfactory-objects/46
http://data.odeuropa.eu/vocabulary/olfactory-objects/559,http://data.odeuropa.eu/vocabulary/olfactory-objects/417
http://data.odeuropa.eu/vocabulary/olfactory-objects/559,http://data.odeuropa.eu/vocabulary/olfactory-objects/650
http://data.odeuropa.eu/vocabulary/olfactory-objects/559,http://data.odeuropa.eu/vocabulary/olfactory-objects/676
http://data.odeuropa.eu/vocabulary/olfactory-objects/559,http://data.odeuropa.eu/vocabulary/olfactory-objects/678
http://data.odeuropa.eu/vocabulary/olfactory-objects/559,http://data.odeuropa.eu/vocabulary/olfactory-objects/614
http://data.odeuropa.eu/vocabulary/olfactory-objects/559,http://data.odeuropa.eu/vocabulary/olfactory-objects/648
http://data.odeuropa.eu/vocabulary/olfactory-objects/559,http://data.odeuropa.eu/vocabulary/olfactory-objects/577
http://data.odeuropa.eu/vocabulary/olfactory-objects/559,http://data.odeuropa.eu/vocabulary/olfactory-objects/245
http://data.odeuropa.eu/vocabulary/olfactory-objects/563,http://data.odeuropa.eu/vocabulary/olfactory-objects/563
http://data.odeuropa.eu/vocabulary/olfactory-objects/563,http://data.odeuropa.eu/vocabulary/olfactory-objects/173
http://data.odeuropa.eu/vocabulary/olfactory-objects/563,http://data.odeuropa.eu/vocabulary/olfactory-objects/393
http://data.odeuropa.eu/vocabulary/olfactory-objects/563,http://data.odeuropa.eu/vocabulary/olfactory-objects/108
http://data.odeuropa.eu/vocabulary/olfactory-objects/563,http://data.odeuropa.eu/vocabulary/olfactory-objects/238
http://data.odeuropa.eu/vocabulary/olfactory-objects/563,http://data.odeuropa.eu/vocabulary/olfactory-objects/254
http://data.odeuropa.eu/vocabulary/olfactory-objects/563,http://data.odeuropa.eu/vocabulary/olfactory-objects/377
http://data.odeuropa.eu/vocabulary/olfactory-objects/563,http://data.odeuropa.eu/vocabulary/olfactory-objects/378
http://data.odeuropa.eu/vocabulary/olfactory-objects/563,http://data.odeuropa.eu/vocabulary/olfactory-objects/404
http://data.odeuropa.eu/vocabulary/olfactory-objects/563,http://data.odeuropa.eu/vocabulary/olfactory-objects/413
http://data.odeuropa.eu/vocabulary/olfactory-objects/563,http://data.odeuropa.eu/vocabulary/olfactory-objects/627
http://data.odeuropa.eu/vocabulary/olfactory-objects/563,http://data.odeuropa.eu/vocabulary/olfactory-objects/657
http://data.odeuropa.eu/vocabulary/olfactory-objects/563,http://data.odeuropa.eu/vocabulary/olfactory-objects/577
http://data.odeuropa.eu/vocabulary/olfactory-objects/563,http://data.odeuropa.eu/vocabulary/olfactory-objects/123
http://data.odeuropa.eu/vocabulary/olfactory-objects/563,http://data.odeuropa.eu/vocabulary/olfactory-objects/229
http://data.odeuropa.eu/vocabulary/olfactory-objects/563,http://data.odeuropa.eu/vocabulary/olfactory-objects/228
http://data.odeuropa.eu/vocabulary/olfactory-objects/563,http://data.odeuropa.eu/vocabulary/olfactory-objects/12
http://data.odeuropa.eu/vocabulary/olfactory-objects/563,http://data.odeuropa.eu/vocabulary/olfactory-objects/475
http://data.odeuropa.eu/vocabulary/olfactory-objects/563,http://data.odeuropa.eu/vocabulary/olfactory-objects/683
http://data.odeuropa.eu/vocabulary/olfactory-objects/405,http://data.odeuropa.eu/vocabulary/olfactory-objects/405
http://data.odeuropa.eu/vocabulary/olfactory-objects/405,http://data.odeuropa.eu/vocabulary/olfactory-objects/110
http://data.odeuropa.eu/vocabulary/olfactory-objects/405,http://data.odeuropa.eu/vocabulary/olfactory-objects/177
http://data.odeuropa.eu/vocabulary/olfactory-objects/405,http://data.odeuropa.eu/vocabulary/olfactory-objects/164
http://data.odeuropa.eu/vocabulary/olfactory-objects/405,http://data.odeuropa.eu/vocabulary/olfactory-objects/109
http://data.odeuropa.eu/vocabulary/olfactory-objects/405,http://data.odeuropa.eu/vocabulary/olfactory-objects/155
http://data.odeuropa.eu/vocabulary/olfactory-objects/405,http://data.odeuropa.eu/vocabulary/olfactory-objects/161
http://data.odeuropa.eu/vocabulary/olfactory-objects/405,http://data.odeuropa.eu/vocabulary/olfactory-objects/165
http://data.odeuropa.eu/vocabulary/olfactory-objects/405,http://data.odeuropa.eu/vocabulary/olfactory-objects/169
http://data.odeuropa.eu/vocabulary/olfactory-objects/405,http://data.odeuropa.eu/vocabulary/olfactory-objects/178
http://data.odeuropa.eu/vocabulary/olfactory-objects/405,http://data.odeuropa.eu/vocabulary/olfactory-objects/180
http://data.odeuropa.eu/vocabulary/olfactory-objects/405,http://data.odeuropa.eu/vocabulary/olfactory-objects/181
http://data.odeuropa.eu/vocabulary/olfactory-objects/405,http://data.odeuropa.eu/vocabulary/olfactory-objects/182
http://data.odeuropa.eu/vocabulary/olfactory-objects/405,http://data.odeuropa.eu/vocabulary/olfactory-objects/183
http://data.odeuropa.eu/vocabulary/olfactory-objects/405,http://data.odeuropa.eu/vocabulary/olfactory-objects/184
http://data.odeuropa.eu/vocabulary/olfactory-objects/405,http://data.odeuropa.eu/vocabulary/olfactory-objects/185
http://data.odeuropa.eu/vocabulary/olfactory-objects/405,http://data.odeuropa.eu/vocabulary/olfactory-objects/186
http://data.odeuropa.eu/vocabulary/olfactory-objects/405,http://data.odeuropa.eu/vocabulary/olfactory-objects/187
http://data.odeuropa.eu/vocabulary/olfactory-objects/405,http://data.odeuropa.eu/vocabulary/olfactory-objects/206
http://data.odeuropa.eu/vocabulary/olfactory-objects/405,http://data.odeuropa.eu/vocabulary/olfactory-objects/212
http://data.odeuropa.eu/vocabulary/olfactory-objects/405,http://data.odeuropa.eu/vocabulary/olfactory-objects/213
http://data.odeuropa.eu/vocabulary/olfactory-objects/405,http://data.odeuropa.eu/vocabulary/olfactory-objects/214
http://data.odeuropa.eu/vocabulary/olfactory-objects/405,http://data.odeuropa.eu/vocabulary/olfactory-objects/215
http://data.odeuropa.eu/vocabulary/olfactory-objects/405,http://data.odeuropa.eu/vocabulary/olfactory-objects/256
http://data.odeuropa.eu/vocabulary/olfactory-objects/405,http://data.odeuropa.eu/vocabulary/olfactory-objects/277
http://data.odeuropa.eu/vocabulary/olfactory-objects/405,http://data.odeuropa.eu/vocabulary/olfactory-objects/278
http://data.odeuropa.eu/vocabulary/olfactory-objects/405,http://data.odeuropa.eu/vocabulary/olfactory-objects/279
http://data.odeuropa.eu/vocabulary/olfactory-objects/405,http://data.odeuropa.eu/vocabulary/olfactory-objects/280
http://data.odeuropa.eu/vocabulary/olfactory-objects/405,http://data.odeuropa.eu/vocabulary/olfactory-objects/281
http://data.odeuropa.eu/vocabulary/olfactory-objects/405,http://data.odeuropa.eu/vocabulary/olfactory-objects/282
http://data.odeuropa.eu/vocabulary/olfactory-objects/405,http://data.odeuropa.eu/vocabulary/olfactory-objects/283
http://data.odeuropa.eu/vocabulary/olfactory-objects/405,http://data.odeuropa.eu/vocabulary/olfactory-objects/284
http://data.odeuropa.eu/vocabulary/olfactory-objects/405,http://data.odeuropa.eu/vocabulary/olfactory-objects/285
http://data.odeuropa.eu/vocabulary/olfactory-objects/405,http://data.odeuropa.eu/vocabulary/olfactory-objects/286
http://data.odeuropa.eu/vocabulary/olfactory-objects/405,http://data.odeuropa.eu/vocabulary/olfactory-objects/287
http://data.odeuropa.eu/vocabulary/olfactory-objects/405,http://data.odeuropa.eu/vocabulary/olfactory-objects/288
http://data.odeuropa.eu/vocabulary/olfactory-objects/405,http://data.odeuropa.eu/vocabulary/olfactory-objects/289
http://data.odeuropa.eu/vocabulary/olfactory-objects/405,http://data.odeuropa.eu/vocabulary/olfactory-objects/290
http://data.odeuropa.eu/vocabulary/olfactory-objects/405,http://data.odeuropa.eu/vocabulary/olfactory-objects/291
http://data.odeuropa.eu/vocabulary/olfactory-objects/405,http://data.odeuropa.eu/vocabulary/olfactory-objects/292
http://data.odeuropa.eu/vocabulary/olfactory-objects/405,http://data.odeuropa.eu/vocabulary/olfactory-objects/293
http://data.odeuropa.eu/vocabulary/olfactory-objects/405,http://data.odeuropa.eu/vocabulary/olfactory-objects/294
http://data.odeuropa.eu/vocabulary/olfactory-objects/405,http://data.odeuropa.eu/vocabulary/olfactory-objects/295
http://data.odeuropa.eu/vocabulary/olfactory-objects/405,http://data.odeuropa.eu/vocabulary/olfactory-objects/296
http://data.odeuropa.eu/vocabulary/olfactory-objects/405,http://data.odeuropa.eu/vocabulary/olfactory-objects/297
http://data.odeuropa.eu/vocabulary/olfactory-objects/405,http://data.odeuropa.eu/vocabulary/olfactory-objects/298
http://data.odeuropa.eu/vocabulary/olfactory-objects/405,http://data.odeuropa.eu/vocabulary/olfactory-objects/299
http://data.odeuropa.eu/vocabulary/olfactory-objects/405,http://data.odeuropa.eu/vocabulary/olfactory-objects/300
http://data.odeuropa.eu/vocabulary/olfactory-objects/405,http://data.odeuropa.eu/vocabulary/olfactory-objects/301
http://data.odeuropa.eu/vocabulary/olfactory-objects/405,http://data.odeuropa.eu/vocabulary/olfactory-objects/302
http://data.odeuropa.eu/vocabulary/olfactory-objects/405,http://data.odeuropa.eu/vocabulary/olfactory-objects/303
http://data.odeuropa.eu/vocabulary/olfactory-objects/405,http://data.odeuropa.eu/vocabulary/olfactory-objects/304
http://data.odeuropa.eu/vocabulary/olfactory-objects/405,http://data.odeuropa.eu/vocabulary/olfactory-objects/305
http://data.odeuropa.eu/vocabulary/olfactory-objects/405,http://data.odeuropa.eu/vocabulary/olfactory-objects/306
http://data.odeuropa.eu/vocabulary/olfactory-objects/405,http://data.odeuropa.eu/vocabulary/olfactory-objects/307
http://data.odeuropa.eu/vocabulary/olfactory-objects/405,http://data.odeuropa.eu/vocabulary/olfactory-objects/308
http://data.odeuropa.eu/vocabulary/olfactory-objects/405,http://data.odeuropa.eu/vocabulary/olfactory-objects/309
http://data.odeuropa.eu/vocabulary/olfactory-objects/405,http://data.odeuropa.eu/vocabulary/olfactory-objects/310
http://data.odeuropa.eu/vocabulary/olfactory-objects/405,http://data.odeuropa.eu/vocabulary/olfactory-objects/311
http://data.odeuropa.eu/vocabulary/olfactory-objects/405,http://data.odeuropa.eu/vocabulary/olfactory-objects/312
http://data.odeuropa.eu/vocabulary/olfactory-objects/405,http://data.odeuropa.eu/vocabulary/olfactory-objects/313
http://data.odeuropa.eu/vocabulary/olfactory-objects/405,http://data.odeuropa.eu/vocabulary/olfactory-objects/314
http://data.odeuropa.eu/vocabulary/olfactory-objects/405,http://data.odeuropa.eu/vocabulary/olfactory-objects/315
http://data.odeuropa.eu/vocabulary/olfactory-objects/405,http://data.odeuropa.eu/vocabulary/olfactory-objects/316
http://data.odeuropa.eu/vocabulary/olfactory-objects/405,http://data.odeuropa.eu/vocabulary/olfactory-objects/317
http://data.odeuropa.eu/vocabulary/olfactory-objects/405,http://data.odeuropa.eu/vocabulary/olfactory-objects/318
http://data.odeuropa.eu/vocabulary/olfactory-objects/405,http://data.odeuropa.eu/vocabulary/olfactory-objects/319
http://data.odeuropa.eu/vocabulary/olfactory-objects/405,http://data.odeuropa.eu/vocabulary/olfactory-objects/320
http://data.odeuropa.eu/vocabulary/olfactory-objects/405,http://data.odeuropa.eu/vocabulary/olfactory-objects/321
http://data.odeuropa.eu/vocabulary/olfactory-objects/405,http://data.odeuropa.eu/vocabulary/olfactory-objects/322
http://data.odeuropa.eu/vocabulary/olfactory-objects/405,http://data.odeuropa.eu/vocabulary/olfactory-objects/323
http://data.odeuropa.eu/vocabulary/olfactory-objects/405,http://data.odeuropa.eu/vocabulary/olfactory-objects/324
http://data.odeuropa.eu/vocabulary/olfactory-objects/405,http://data.odeuropa.eu/vocabulary/olfactory-objects/325
http://data.odeuropa.eu/vocabulary/olfactory-objects/405,http://data.odeuropa.eu/vocabulary/olfactory-objects/326
http://data.odeuropa.eu/vocabulary/olfactory-objects/405,http://data.odeuropa.eu/vocabulary/olfactory-objects/327
http://data.odeuropa.eu/vocabulary/olfactory-objects/405,http://data.odeuropa.eu/vocabulary/olfactory-objects/328
http://data.odeuropa.eu/vocabulary/olfactory-objects/405,http://data.odeuropa.eu/vocabulary/olfactory-objects/330
http://data.odeuropa.eu/vocabulary/olfactory-objects/405,http://data.odeuropa.eu/vocabulary/olfactory-objects/331
http://data.odeuropa.eu/vocabulary/olfactory-objects/405,http://data.odeuropa.eu/vocabulary/olfactory-objects/332
http://data.odeuropa.eu/vocabulary/olfactory-objects/405,http://data.odeuropa.eu/vocabulary/olfactory-objects/333
http://data.odeuropa.eu/vocabulary/olfactory-objects/405,http://data.odeuropa.eu/vocabulary/olfactory-objects/335
http://data.odeuropa.eu/vocabulary/olfactory-objects/405,http://data.odeuropa.eu/vocabulary/olfactory-objects/336
http://data.odeuropa.eu/vocabulary/olfactory-objects/405,http://data.odeuropa.eu/vocabulary/olfactory-objects/337
http://data.odeuropa.eu/vocabulary/olfactory-objects/405,http://data.odeuropa.eu/vocabulary/olfactory-objects/338
http://data.odeuropa.eu/vocabulary/olfactory-objects/405,http://data.odeuropa.eu/vocabulary/olfactory-objects/339
http://data.odeuropa.eu/vocabulary/olfactory-objects/405,http://data.odeuropa.eu/vocabulary/olfactory-objects/340
http://data.odeuropa.eu/vocabulary/olfactory-objects/405,http://data.odeuropa.eu/vocabulary/olfactory-objects/341
http://data.odeuropa.eu/vocabulary/olfactory-objects/405,http://data.odeuropa.eu/vocabulary/olfactory-objects/342
http://data.odeuropa.eu/vocabulary/olfactory-objects/405,http://data.odeuropa.eu/vocabulary/olfactory-objects/344
http://data.odeuropa.eu/vocabulary/olfactory-objects/405,http://data.odeuropa.eu/vocabulary/olfactory-objects/346
http://data.odeuropa.eu/vocabulary/olfactory-objects/405,http://data.odeuropa.eu/vocabulary/olfactory-objects/347
http://data.odeuropa.eu/vocabulary/olfactory-objects/405,http://data.odeuropa.eu/vocabulary/olfactory-objects/348
http://data.odeuropa.eu/vocabulary/olfactory-objects/405,http://data.odeuropa.eu/vocabulary/olfactory-objects/349
http://data.odeuropa.eu/vocabulary/olfactory-objects/405,http://data.odeuropa.eu/vocabulary/olfactory-objects/363
http://data.odeuropa.eu/vocabulary/olfactory-objects/405,http://data.odeuropa.eu/vocabulary/olfactory-objects/364
http://data.odeuropa.eu/vocabulary/olfactory-objects/405,http://data.odeuropa.eu/vocabulary/olfactory-objects/365
http://data.odeuropa.eu/vocabulary/olfactory-objects/405,http://data.odeuropa.eu/vocabulary/olfactory-objects/385
http://data.odeuropa.eu/vocabulary/olfactory-objects/405,http://data.odeuropa.eu/vocabulary/olfactory-objects/386
http://data.odeuropa.eu/vocabulary/olfactory-objects/405,http://data.odeuropa.eu/vocabulary/olfactory-objects/394
http://data.odeuropa.eu/vocabulary/olfactory-objects/405,http://data.odeuropa.eu/vocabulary/olfactory-objects/395
http://data.odeuropa.eu/vocabulary/olfactory-objects/405,http://data.odeuropa.eu/vocabulary/olfactory-objects/406
http://data.odeuropa.eu/vocabulary/olfactory-objects/405,http://data.odeuropa.eu/vocabulary/olfactory-objects/407
http://data.odeuropa.eu/vocabulary/olfactory-objects/405,http://data.odeuropa.eu/vocabulary/olfactory-objects/408
http://data.odeuropa.eu/vocabulary/olfactory-objects/405,http://data.odeuropa.eu/vocabulary/olfactory-objects/409
http://data.odeuropa.eu/vocabulary/olfactory-objects/405,http://data.odeuropa.eu/vocabulary/olfactory-objects/414
http://data.odeuropa.eu/vocabulary/olfactory-objects/405,http://data.odeuropa.eu/vocabulary/olfactory-objects/423
http://data.odeuropa.eu/vocabulary/olfactory-objects/405,http://data.odeuropa.eu/vocabulary/olfactory-objects/427
http://data.odeuropa.eu/vocabulary/olfactory-objects/405,http://data.odeuropa.eu/vocabulary/olfactory-objects/441
http://data.odeuropa.eu/vocabulary/olfactory-objects/405,http://data.odeuropa.eu/vocabulary/olfactory-objects/442
http://data.odeuropa.eu/vocabulary/olfactory-objects/405,http://data.odeuropa.eu/vocabulary/olfactory-objects/443
http://data.odeuropa.eu/vocabulary/olfactory-objects/405,http://data.odeuropa.eu/vocabulary/olfactory-objects/444
http://data.odeuropa.eu/vocabulary/olfactory-objects/405,http://data.odeuropa.eu/vocabulary/olfactory-objects/445
http://data.odeuropa.eu/vocabulary/olfactory-objects/405,http://data.odeuropa.eu/vocabulary/olfactory-objects/446
http://data.odeuropa.eu/vocabulary/olfactory-objects/405,http://data.odeuropa.eu/vocabulary/olfactory-objects/447
http://data.odeuropa.eu/vocabulary/olfactory-objects/405,http://data.odeuropa.eu/vocabulary/olfactory-objects/50
http://data.odeuropa.eu/vocabulary/olfactory-objects/405,http://data.odeuropa.eu/vocabulary/olfactory-objects/544
http://data.odeuropa.eu/vocabulary/olfactory-objects/405,http://data.odeuropa.eu/vocabulary/olfactory-objects/75
http://data.odeuropa.eu/vocabulary/olfactory-objects/405,http://data.odeuropa.eu/vocabulary/olfactory-objects/88
http://data.odeuropa.eu/vocabulary/olfactory-objects/405,http://data.odeuropa.eu/vocabulary/olfactory-objects/2
http://data.odeuropa.eu/vocabulary/olfactory-objects/405,http://data.odeuropa.eu/vocabulary/olfactory-objects/411
http://data.odeuropa.eu/vocabulary/olfactory-objects/405,http://data.odeuropa.eu/vocabulary/olfactory-objects/483
http://data.odeuropa.eu/vocabulary/olfactory-objects/405,http://data.odeuropa.eu/vocabulary/olfactory-objects/484
http://data.odeuropa.eu/vocabulary/olfactory-objects/405,http://data.odeuropa.eu/vocabulary/olfactory-objects/485
http://data.odeuropa.eu/vocabulary/olfactory-objects/405,http://data.odeuropa.eu/vocabulary/olfactory-objects/403
http://data.odeuropa.eu/vocabulary/olfactory-objects/405,http://data.odeuropa.eu/vocabulary/olfactory-objects/494
http://data.odeuropa.eu/vocabulary/olfactory-objects/405,http://data.odeuropa.eu/vocabulary/olfactory-objects/495
http://data.odeuropa.eu/vocabulary/olfactory-objects/405,http://data.odeuropa.eu/vocabulary/olfactory-objects/498
http://data.odeuropa.eu/vocabulary/olfactory-objects/405,http://data.odeuropa.eu/vocabulary/olfactory-objects/507
http://data.odeuropa.eu/vocabulary/olfactory-objects/405,http://data.odeuropa.eu/vocabulary/olfactory-objects/511
http://data.odeuropa.eu/vocabulary/olfactory-objects/405,http://data.odeuropa.eu/vocabulary/olfactory-objects/521
http://data.odeuropa.eu/vocabulary/olfactory-objects/405,http://data.odeuropa.eu/vocabulary/olfactory-objects/520
http://data.odeuropa.eu/vocabulary/olfactory-objects/405,http://data.odeuropa.eu/vocabulary/olfactory-objects/15
http://data.odeuropa.eu/vocabulary/olfactory-objects/405,http://data.odeuropa.eu/vocabulary/olfactory-objects/22
http://data.odeuropa.eu/vocabulary/olfactory-objects/405,http://data.odeuropa.eu/vocabulary/olfactory-objects/112
http://data.odeuropa.eu/vocabulary/olfactory-objects/405,http://data.odeuropa.eu/vocabulary/olfactory-objects/16
http://data.odeuropa.eu/vocabulary/olfactory-objects/405,http://data.odeuropa.eu/vocabulary/olfactory-objects/535
http://data.odeuropa.eu/vocabulary/olfactory-objects/405,http://data.odeuropa.eu/vocabulary/olfactory-objects/21
http://data.odeuropa.eu/vocabulary/olfactory-objects/405,http://data.odeuropa.eu/vocabulary/olfactory-objects/32
http://data.odeuropa.eu/vocabulary/olfactory-objects/405,http://data.odeuropa.eu/vocabulary/olfactory-objects/534
http://data.odeuropa.eu/vocabulary/olfactory-objects/405,http://data.odeuropa.eu/vocabulary/olfactory-objects/36
http://data.odeuropa.eu/vocabulary/olfactory-objects/405,http://data.odeuropa.eu/vocabulary/olfactory-objects/35
http://data.odeuropa.eu/vocabulary/olfactory-objects/405,http://data.odeuropa.eu/vocabulary/olfactory-objects/587
http://data.odeuropa.eu/vocabulary/olfactory-objects/405,http://data.odeuropa.eu/vocabulary/olfactory-objects/640
http://data.odeuropa.eu/vocabulary/olfactory-objects/405,http://data.odeuropa.eu/vocabulary/olfactory-objects/682
http://data.odeuropa.eu/vocabulary/olfactory-objects/405,http://data.odeuropa.eu/vocabulary/olfactory-objects/156
http://data.odeuropa.eu/vocabulary/olfactory-objects/405,http://data.odeuropa.eu/vocabulary/olfactory-objects/375
http://data.odeuropa.eu/vocabulary/olfactory-objects/405,http://data.odeuropa.eu/vocabulary/olfactory-objects/376
http://data.odeuropa.eu/vocabulary/olfactory-objects/405,http://data.odeuropa.eu/vocabulary/olfactory-objects/660
http://data.odeuropa.eu/vocabulary/olfactory-objects/405,http://data.odeuropa.eu/vocabulary/olfactory-objects/605
http://data.odeuropa.eu/vocabulary/olfactory-objects/405,http://data.odeuropa.eu/vocabulary/olfactory-objects/607
http://data.odeuropa.eu/vocabulary/olfactory-objects/405,http://data.odeuropa.eu/vocabulary/olfactory-objects/608
http://data.odeuropa.eu/vocabulary/olfactory-objects/405,http://data.odeuropa.eu/vocabulary/olfactory-objects/122
http://data.odeuropa.eu/vocabulary/olfactory-objects/405,http://data.odeuropa.eu/vocabulary/olfactory-objects/39
http://data.odeuropa.eu/vocabulary/olfactory-objects/405,http://data.odeuropa.eu/vocabulary/olfactory-objects/40
http://data.odeuropa.eu/vocabulary/olfactory-objects/405,http://data.odeuropa.eu/vocabulary/olfactory-objects/41
http://data.odeuropa.eu/vocabulary/olfactory-objects/405,http://data.odeuropa.eu/vocabulary/olfactory-objects/42
http://data.odeuropa.eu/vocabulary/olfactory-objects/405,http://data.odeuropa.eu/vocabulary/olfactory-objects/43
http://data.odeuropa.eu/vocabulary/olfactory-objects/405,http://data.odeuropa.eu/vocabulary/olfactory-objects/505
http://data.odeuropa.eu/vocabulary/olfactory-objects/405,http://data.odeuropa.eu/vocabulary/olfactory-objects/517
http://data.odeuropa.eu/vocabulary/olfactory-objects/405,http://data.odeuropa.eu/vocabulary/olfactory-objects/519
http://data.odeuropa.eu/vocabulary/olfactory-objects/405,http://data.odeuropa.eu/vocabulary/olfactory-objects/637
http://data.odeuropa.eu/vocabulary/olfactory-objects/405,http://data.odeuropa.eu/vocabulary/olfactory-objects/685
http://data.odeuropa.eu/vocabulary/olfactory-objects/405,http://data.odeuropa.eu/vocabulary/olfactory-objects/523
http://data.odeuropa.eu/vocabulary/olfactory-objects/405,http://data.odeuropa.eu/vocabulary/olfactory-objects/527
http://data.odeuropa.eu/vocabulary/olfactory-objects/405,http://data.odeuropa.eu/vocabulary/olfactory-objects/528
http://data.odeuropa.eu/vocabulary/olfactory-objects/405,http://data.odeuropa.eu/vocabulary/olfactory-objects/582
http://data.odeuropa.eu/vocabulary/olfactory-objects/405,http://data.odeuropa.eu/vocabulary/olfactory-objects/680
http://data.odeuropa.eu/vocabulary/olfactory-objects/405,http://data.odeuropa.eu/vocabulary/olfactory-objects/668
http://data.odeuropa.eu/vocabulary/olfactory-objects/405,http://data.odeuropa.eu/vocabulary/olfactory-objects/675
http://data.odeuropa.eu/vocabulary/olfactory-objects/405,http://data.odeuropa.eu/vocabulary/olfactory-objects/235
http://data.odeuropa.eu/vocabulary/olfactory-objects/405,http://data.odeuropa.eu/vocabulary/olfactory-objects/353
http://data.odeuropa.eu/vocabulary/olfactory-objects/405,http://data.odeuropa.eu/vocabulary/olfactory-objects/79
http://data.odeuropa.eu/vocabulary/olfactory-objects/405,http://data.odeuropa.eu/vocabulary/olfactory-objects/603
http://data.odeuropa.eu/vocabulary/olfactory-objects/405,http://data.odeuropa.eu/vocabulary/olfactory-objects/609
http://data.odeuropa.eu/vocabulary/olfactory-objects/405,http://data.odeuropa.eu/vocabulary/olfactory-objects/679
http://data.odeuropa.eu/vocabulary/olfactory-objects/405,http://data.odeuropa.eu/vocabulary/olfactory-objects/532
http://data.odeuropa.eu/vocabulary/olfactory-objects/558,http://data.odeuropa.eu/vocabulary/olfactory-objects/558
http://data.odeuropa.eu/vocabulary/olfactory-objects/558,http://data.odeuropa.eu/vocabulary/olfactory-objects/270
http://data.odeuropa.eu/vocabulary/olfactory-objects/558,http://data.odeuropa.eu/vocabulary/olfactory-objects/345
http://data.odeuropa.eu/vocabulary/olfactory-objects/558,http://data.odeuropa.eu/vocabulary/olfactory-objects/431
http://data.odeuropa.eu/vocabulary/olfactory-objects/558,http://data.odeuropa.eu/vocabulary/olfactory-objects/100
http://data.odeuropa.eu/vocabulary/olfactory-objects/558,http://data.odeuropa.eu/vocabulary/olfactory-objects/130
http://data.odeuropa.eu/vocabulary/olfactory-objects/558,http://data.odeuropa.eu/vocabulary/olfactory-objects/152
http://data.odeuropa.eu/vocabulary/olfactory-objects/558,http://data.odeuropa.eu/vocabulary/olfactory-objects/113
http://data.odeuropa.eu/vocabulary/olfactory-objects/558,http://data.odeuropa.eu/vocabulary/olfactory-objects/103
http://data.odeuropa.eu/vocabulary/olfactory-objects/558,http://data.odeuropa.eu/vocabulary/olfactory-objects/109
http://data.odeuropa.eu/vocabulary/olfactory-objects/558,http://data.odeuropa.eu/vocabulary/olfactory-objects/150
http://data.odeuropa.eu/vocabulary/olfactory-objects/558,http://data.odeuropa.eu/vocabulary/olfactory-objects/154
http://data.odeuropa.eu/vocabulary/olfactory-objects/558,http://data.odeuropa.eu/vocabulary/olfactory-objects/160
http://data.odeuropa.eu/vocabulary/olfactory-objects/558,http://data.odeuropa.eu/vocabulary/olfactory-objects/167
http://data.odeuropa.eu/vocabulary/olfactory-objects/558,http://data.odeuropa.eu/vocabulary/olfactory-objects/172
http://data.odeuropa.eu/vocabulary/olfactory-objects/558,http://data.odeuropa.eu/vocabulary/olfactory-objects/197
http://data.odeuropa.eu/vocabulary/olfactory-objects/558,http://data.odeuropa.eu/vocabulary/olfactory-objects/203
http://data.odeuropa.eu/vocabulary/olfactory-objects/558,http://data.odeuropa.eu/vocabulary/olfactory-objects/204
http://data.odeuropa.eu/vocabulary/olfactory-objects/558,http://data.odeuropa.eu/vocabulary/olfactory-objects/205
http://data.odeuropa.eu/vocabulary/olfactory-objects/558,http://data.odeuropa.eu/vocabulary/olfactory-objects/207
http://data.odeuropa.eu/vocabulary/olfactory-objects/558,http://data.odeuropa.eu/vocabulary/olfactory-objects/211
http://data.odeuropa.eu/vocabulary/olfactory-objects/558,http://data.odeuropa.eu/vocabulary/olfactory-objects/217
http://data.odeuropa.eu/vocabulary/olfactory-objects/558,http://data.odeuropa.eu/vocabulary/olfactory-objects/220
http://data.odeuropa.eu/vocabulary/olfactory-objects/558,http://data.odeuropa.eu/vocabulary/olfactory-objects/222
http://data.odeuropa.eu/vocabulary/olfactory-objects/558,http://data.odeuropa.eu/vocabulary/olfactory-objects/228
http://data.odeuropa.eu/vocabulary/olfactory-objects/558,http://data.odeuropa.eu/vocabulary/olfactory-objects/252
http://data.odeuropa.eu/vocabulary/olfactory-objects/558,http://data.odeuropa.eu/vocabulary/olfactory-objects/253
http://data.odeuropa.eu/vocabulary/olfactory-objects/558,http://data.odeuropa.eu/vocabulary/olfactory-objects/259
http://data.odeuropa.eu/vocabulary/olfactory-objects/558,http://data.odeuropa.eu/vocabulary/olfactory-objects/267
http://data.odeuropa.eu/vocabulary/olfactory-objects/558,http://data.odeuropa.eu/vocabulary/olfactory-objects/269
http://data.odeuropa.eu/vocabulary/olfactory-objects/558,http://data.odeuropa.eu/vocabulary/olfactory-objects/334
http://data.odeuropa.eu/vocabulary/olfactory-objects/558,http://data.odeuropa.eu/vocabulary/olfactory-objects/399
http://data.odeuropa.eu/vocabulary/olfactory-objects/558,http://data.odeuropa.eu/vocabulary/olfactory-objects/432
http://data.odeuropa.eu/vocabulary/olfactory-objects/558,http://data.odeuropa.eu/vocabulary/olfactory-objects/48
http://data.odeuropa.eu/vocabulary/olfactory-objects/558,http://data.odeuropa.eu/vocabulary/olfactory-objects/547
http://data.odeuropa.eu/vocabulary/olfactory-objects/558,http://data.odeuropa.eu/vocabulary/olfactory-objects/58
http://data.odeuropa.eu/vocabulary/olfactory-objects/558,http://data.odeuropa.eu/vocabulary/olfactory-objects/59
http://data.odeuropa.eu/vocabulary/olfactory-objects/558,http://data.odeuropa.eu/vocabulary/olfactory-objects/60
http://data.odeuropa.eu/vocabulary/olfactory-objects/558,http://data.odeuropa.eu/vocabulary/olfactory-objects/62
http://data.odeuropa.eu/vocabulary/olfactory-objects/558,http://data.odeuropa.eu/vocabulary/olfactory-objects/71
http://data.odeuropa.eu/vocabulary/olfactory-objects/558,http://data.odeuropa.eu/vocabulary/olfactory-objects/65
http://data.odeuropa.eu/vocabulary/olfactory-objects/558,http://data.odeuropa.eu/vocabulary/olfactory-objects/37
http://data.odeuropa.eu/vocabulary/olfactory-objects/558,http://data.odeuropa.eu/vocabulary/olfactory-objects/400
http://data.odeuropa.eu/vocabulary/olfactory-objects/558,http://data.odeuropa.eu/vocabulary/olfactory-objects/401
http://data.odeuropa.eu/vocabulary/olfactory-objects/558,http://data.odeuropa.eu/vocabulary/olfactory-objects/44
http://data.odeuropa.eu/vocabulary/olfactory-objects/558,http://data.odeuropa.eu/vocabulary/olfactory-objects/556
http://data.odeuropa.eu/vocabulary/olfactory-objects/558,http://data.odeuropa.eu/vocabulary/olfactory-objects/536
http://data.odeuropa.eu/vocabulary/olfactory-objects/558,http://data.odeuropa.eu/vocabulary/olfactory-objects/621
http://data.odeuropa.eu/vocabulary/olfactory-objects/558,http://data.odeuropa.eu/vocabulary/olfactory-objects/653
http://data.odeuropa.eu/vocabulary/olfactory-objects/558,http://data.odeuropa.eu/vocabulary/olfactory-objects/655
http://data.odeuropa.eu/vocabulary/olfactory-objects/558,http://data.odeuropa.eu/vocabulary/olfactory-objects/624
http://data.odeuropa.eu/vocabulary/olfactory-objects/558,http://data.odeuropa.eu/vocabulary/olfactory-objects/375
http://data.odeuropa.eu/vocabulary/olfactory-objects/558,http://data.odeuropa.eu/vocabulary/olfactory-objects/376
http://data.odeuropa.eu/vocabulary/olfactory-objects/558,http://data.odeuropa.eu/vocabulary/olfactory-objects/660
http://data.odeuropa.eu/vocabulary/olfactory-objects/558,http://data.odeuropa.eu/vocabulary/olfactory-objects/225
http://data.odeuropa.eu/vocabulary/olfactory-objects/558,http://data.odeuropa.eu/vocabulary/olfactory-objects/159
http://data.odeuropa.eu/vocabulary/olfactory-objects/562,http://data.odeuropa.eu/vocabulary/olfactory-objects/562
http://data.odeuropa.eu/vocabulary/olfactory-objects/562,http://data.odeuropa.eu/vocabulary/olfactory-objects/208
http://data.odeuropa.eu/vocabulary/olfactory-objects/562,http://data.odeuropa.eu/vocabulary/olfactory-objects/230
http://data.odeuropa.eu/vocabulary/olfactory-objects/562,http://data.odeuropa.eu/vocabulary/olfactory-objects/242
http://data.odeuropa.eu/vocabulary/olfactory-objects/562,http://data.odeuropa.eu/vocabulary/olfactory-objects/247
http://data.odeuropa.eu/vocabulary/olfactory-objects/562,http://data.odeuropa.eu/vocabulary/olfactory-objects/265
http://data.odeuropa.eu/vocabulary/olfactory-objects/562,http://data.odeuropa.eu/vocabulary/olfactory-objects/266
http://data.odeuropa.eu/vocabulary/olfactory-objects/562,http://data.odeuropa.eu/vocabulary/olfactory-objects/420
http://data.odeuropa.eu/vocabulary/olfactory-objects/562,http://data.odeuropa.eu/vocabulary/olfactory-objects/424
http://data.odeuropa.eu/vocabulary/olfactory-objects/562,http://data.odeuropa.eu/vocabulary/olfactory-objects/47
http://data.odeuropa.eu/vocabulary/olfactory-objects/562,http://data.odeuropa.eu/vocabulary/olfactory-objects/66
http://data.odeuropa.eu/vocabulary/olfactory-objects/562,http://data.odeuropa.eu/vocabulary/olfactory-objects/33
http://data.odeuropa.eu/vocabulary/olfactory-objects/562,http://data.odeuropa.eu/vocabulary/olfactory-objects/634
http://data.odeuropa.eu/vocabulary/olfactory-objects/562,http://data.odeuropa.eu/vocabulary/olfactory-objects/635
http://data.odeuropa.eu/vocabulary/olfactory-objects/562,http://data.odeuropa.eu/vocabulary/olfactory-objects/636
http://data.odeuropa.eu/vocabulary/olfactory-objects/562,http://data.odeuropa.eu/vocabulary/olfactory-objects/672
http://data.odeuropa.eu/vocabulary/olfactory-objects/562,http://data.odeuropa.eu/vocabulary/olfactory-objects/612
http://data.odeuropa.eu/vocabulary/olfactory-objects/562,http://data.odeuropa.eu/vocabulary/olfactory-objects/436
http://data.odeuropa.eu/vocabulary/olfactory-objects/562,http://data.odeuropa.eu/vocabulary/olfactory-objects/26
http://data.odeuropa.eu/vocabulary/olfactory-objects/562,http://data.odeuropa.eu/vocabulary/olfactory-objects/613
http://data.odeuropa.eu/vocabulary/olfactory-objects/562,http://data.odeuropa.eu/vocabulary/olfactory-objects/633
http://data.odeuropa.eu/vocabulary/olfactory-objects/562,http://data.odeuropa.eu/vocabulary/olfactory-objects/644
http://data.odeuropa.eu/vocabulary/olfactory-objects/562,http://data.odeuropa.eu/vocabulary/olfactory-objects/619
http://data.odeuropa.eu/vocabulary/olfactory-objects/562,http://data.odeuropa.eu/vocabulary/olfactory-objects/664
http://data.odeuropa.eu/vocabulary/olfactory-objects/562,http://data.odeuropa.eu/vocabulary/olfactory-objects/667
http://data.odeuropa.eu/vocabulary/olfactory-objects/562,http://data.odeuropa.eu/vocabulary/olfactory-objects/681
http://data.odeuropa.eu/vocabulary/olfactory-objects/562,http://data.odeuropa.eu/vocabulary/olfactory-objects/244
http://data.odeuropa.eu/vocabulary/olfactory-objects/562,http://data.odeuropa.eu/vocabulary/olfactory-objects/243
http://data.odeuropa.eu/vocabulary/olfactory-objects/562,http://data.odeuropa.eu/vocabulary/olfactory-objects/248
http://data.odeuropa.eu/vocabulary/olfactory-objects/562,http://data.odeuropa.eu/vocabulary/olfactory-objects/430
http://data.odeuropa.eu/vocabulary/olfactory-objects/562,http://data.odeuropa.eu/vocabulary/olfactory-objects/656
http://data.odeuropa.eu/vocabulary/olfactory-objects/562,http://data.odeuropa.eu/vocabulary/olfactory-objects/674
http://data.odeuropa.eu/vocabulary/olfactory-objects/555,http://data.odeuropa.eu/vocabulary/olfactory-objects/555
http://data.odeuropa.eu/vocabulary/olfactory-objects/555,http://data.odeuropa.eu/vocabulary/olfactory-objects/387
http://data.odeuropa.eu/vocabulary/olfactory-objects/555,http://data.odeuropa.eu/vocabulary/olfactory-objects/101
http://data.odeuropa.eu/vocabulary/olfactory-objects/555,http://data.odeuropa.eu/vocabulary/olfactory-objects/102
http://data.odeuropa.eu/vocabulary/olfactory-objects/555,http://data.odeuropa.eu/vocabulary/olfactory-objects/146
http://data.odeuropa.eu/vocabulary/olfactory-objects/555,http://data.odeuropa.eu/vocabulary/olfactory-objects/153
http://data.odeuropa.eu/vocabulary/olfactory-objects/555,http://data.odeuropa.eu/vocabulary/olfactory-objects/188
http://data.odeuropa.eu/vocabulary/olfactory-objects/555,http://data.odeuropa.eu/vocabulary/olfactory-objects/189
http://data.odeuropa.eu/vocabulary/olfactory-objects/555,http://data.odeuropa.eu/vocabulary/olfactory-objects/190
http://data.odeuropa.eu/vocabulary/olfactory-objects/555,http://data.odeuropa.eu/vocabulary/olfactory-objects/191
http://data.odeuropa.eu/vocabulary/olfactory-objects/555,http://data.odeuropa.eu/vocabulary/olfactory-objects/192
http://data.odeuropa.eu/vocabulary/olfactory-objects/555,http://data.odeuropa.eu/vocabulary/olfactory-objects/193
http://data.odeuropa.eu/vocabulary/olfactory-objects/555,http://data.odeuropa.eu/vocabulary/olfactory-objects/194
http://data.odeuropa.eu/vocabulary/olfactory-objects/555,http://data.odeuropa.eu/vocabulary/olfactory-objects/195
http://data.odeuropa.eu/vocabulary/olfactory-objects/555,http://data.odeuropa.eu/vocabulary/olfactory-objects/342
http://data.odeuropa.eu/vocabulary/olfactory-objects/555,http://data.odeuropa.eu/vocabulary/olfactory-objects/343
http://data.odeuropa.eu/vocabulary/olfactory-objects/555,http://data.odeuropa.eu/vocabulary/olfactory-objects/397
http://data.odeuropa.eu/vocabulary/olfactory-objects/555,http://data.odeuropa.eu/vocabulary/olfactory-objects/398
http://data.odeuropa.eu/vocabulary/olfactory-objects/555,http://data.odeuropa.eu/vocabulary/olfactory-objects/428
http://data.odeuropa.eu/vocabulary/olfactory-objects/555,http://data.odeuropa.eu/vocabulary/olfactory-objects/459
http://data.odeuropa.eu/vocabulary/olfactory-objects/555,http://data.odeuropa.eu/vocabulary/olfactory-objects/460
http://data.odeuropa.eu/vocabulary/olfactory-objects/555,http://data.odeuropa.eu/vocabulary/olfactory-objects/461
http://data.odeuropa.eu/vocabulary/olfactory-objects/555,http://data.odeuropa.eu/vocabulary/olfactory-objects/462
http://data.odeuropa.eu/vocabulary/olfactory-objects/555,http://data.odeuropa.eu/vocabulary/olfactory-objects/463
http://data.odeuropa.eu/vocabulary/olfactory-objects/555,http://data.odeuropa.eu/vocabulary/olfactory-objects/464
http://data.odeuropa.eu/vocabulary/olfactory-objects/555,http://data.odeuropa.eu/vocabulary/olfactory-objects/465
http://data.odeuropa.eu/vocabulary/olfactory-objects/555,http://data.odeuropa.eu/vocabulary/olfactory-objects/466
http://data.odeuropa.eu/vocabulary/olfactory-objects/555,http://data.odeuropa.eu/vocabulary/olfactory-objects/467
http://data.odeuropa.eu/vocabulary/olfactory-objects/555,http://data.odeuropa.eu/vocabulary/olfactory-objects/468
http://data.odeuropa.eu/vocabulary/olfactory-objects/555,http://data.odeuropa.eu/vocabulary/olfactory-objects/469
http://data.odeuropa.eu/vocabulary/olfactory-objects/555,http://data.odeuropa.eu/vocabulary/olfactory-objects/470
http://data.odeuropa.eu/vocabulary/olfactory-objects/555,http://data.odeuropa.eu/vocabulary/olfactory-objects/471
http://data.odeuropa.eu/vocabulary/olfactory-objects/555,http://data.odeuropa.eu/vocabulary/olfactory-objects/477
http://data.odeuropa.eu/vocabulary/olfactory-objects/555,http://data.odeuropa.eu/vocabulary/olfactory-objects/478
http://data.odeuropa.eu/vocabulary/olfactory-objects/555,http://data.odeuropa.eu/vocabulary/olfactory-objects/479
http://data.odeuropa.eu/vocabulary/olfactory-objects/555,http://data.odeuropa.eu/vocabulary/olfactory-objects/5
http://data.odeuropa.eu/vocabulary/olfactory-objects/555,http://data.odeuropa.eu/vocabulary/olfactory-objects/539
http://data.odeuropa.eu/vocabulary/olfactory-objects/555,http://data.odeuropa.eu/vocabulary/olfactory-objects/540
http://data.odeuropa.eu/vocabulary/olfactory-objects/555,http://data.odeuropa.eu/vocabulary/olfactory-objects/541
http://data.odeuropa.eu/vocabulary/olfactory-objects/555,http://data.odeuropa.eu/vocabulary/olfactory-objects/55
http://data.odeuropa.eu/vocabulary/olfactory-objects/555,http://data.odeuropa.eu/vocabulary/olfactory-objects/56
http://data.odeuropa.eu/vocabulary/olfactory-objects/555,http://data.odeuropa.eu/vocabulary/olfactory-objects/68
http://data.odeuropa.eu/vocabulary/olfactory-objects/555,http://data.odeuropa.eu/vocabulary/olfactory-objects/23
http://data.odeuropa.eu/vocabulary/olfactory-objects/555,http://data.odeuropa.eu/vocabulary/olfactory-objects/488
http://data.odeuropa.eu/vocabulary/olfactory-objects/555,http://data.odeuropa.eu/vocabulary/olfactory-objects/489
http://data.odeuropa.eu/vocabulary/olfactory-objects/555,http://data.odeuropa.eu/vocabulary/olfactory-objects/490
http://data.odeuropa.eu/vocabulary/olfactory-objects/555,http://data.odeuropa.eu/vocabulary/olfactory-objects/491
http://data.odeuropa.eu/vocabulary/olfactory-objects/555,http://data.odeuropa.eu/vocabulary/olfactory-objects/499
http://data.odeuropa.eu/vocabulary/olfactory-objects/555,http://data.odeuropa.eu/vocabulary/olfactory-objects/480
http://data.odeuropa.eu/vocabulary/olfactory-objects/555,http://data.odeuropa.eu/vocabulary/olfactory-objects/500
http://data.odeuropa.eu/vocabulary/olfactory-objects/555,http://data.odeuropa.eu/vocabulary/olfactory-objects/501
http://data.odeuropa.eu/vocabulary/olfactory-objects/555,http://data.odeuropa.eu/vocabulary/olfactory-objects/502
http://data.odeuropa.eu/vocabulary/olfactory-objects/555,http://data.odeuropa.eu/vocabulary/olfactory-objects/503
http://data.odeuropa.eu/vocabulary/olfactory-objects/555,http://data.odeuropa.eu/vocabulary/olfactory-objects/504
http://data.odeuropa.eu/vocabulary/olfactory-objects/555,http://data.odeuropa.eu/vocabulary/olfactory-objects/506
http://data.odeuropa.eu/vocabulary/olfactory-objects/555,http://data.odeuropa.eu/vocabulary/olfactory-objects/508
http://data.odeuropa.eu/vocabulary/olfactory-objects/555,http://data.odeuropa.eu/vocabulary/olfactory-objects/509
http://data.odeuropa.eu/vocabulary/olfactory-objects/555,http://data.odeuropa.eu/vocabulary/olfactory-objects/510
http://data.odeuropa.eu/vocabulary/olfactory-objects/555,http://data.odeuropa.eu/vocabulary/olfactory-objects/512
http://data.odeuropa.eu/vocabulary/olfactory-objects/555,http://data.odeuropa.eu/vocabulary/olfactory-objects/513
http://data.odeuropa.eu/vocabulary/olfactory-objects/555,http://data.odeuropa.eu/vocabulary/olfactory-objects/514
http://data.odeuropa.eu/vocabulary/olfactory-objects/555,http://data.odeuropa.eu/vocabulary/olfactory-objects/515
http://data.odeuropa.eu/vocabulary/olfactory-objects/555,http://data.odeuropa.eu/vocabulary/olfactory-objects/516
http://data.odeuropa.eu/vocabulary/olfactory-objects/555,http://data.odeuropa.eu/vocabulary/olfactory-objects/518
http://data.odeuropa.eu/vocabulary/olfactory-objects/555,http://data.odeuropa.eu/vocabulary/olfactory-objects/524
http://data.odeuropa.eu/vocabulary/olfactory-objects/555,http://data.odeuropa.eu/vocabulary/olfactory-objects/525
http://data.odeuropa.eu/vocabulary/olfactory-objects/555,http://data.odeuropa.eu/vocabulary/olfactory-objects/526
http://data.odeuropa.eu/vocabulary/olfactory-objects/555,http://data.odeuropa.eu/vocabulary/olfactory-objects/542
http://data.odeuropa.eu/vocabulary/olfactory-objects/555,http://data.odeuropa.eu/vocabulary/olfactory-objects/45
http://data.odeuropa.eu/vocabulary/olfactory-objects/555,http://data.odeuropa.eu/vocabulary/olfactory-objects/13
http://data.odeuropa.eu/vocabulary/olfactory-objects/555,http://data.odeuropa.eu/vocabulary/olfactory-objects/571
http://data.odeuropa.eu/vocabulary/olfactory-objects/555,http://data.odeuropa.eu/vocabulary/olfactory-objects/14
http://data.odeuropa.eu/vocabulary/olfactory-objects/555,http://data.odeuropa.eu/vocabulary/olfactory-objects/578
http://data.odeuropa.eu/vocabulary/olfactory-objects/555,http://data.odeuropa.eu/vocabulary/olfactory-objects/601
http://data.odeuropa.eu/vocabulary/olfactory-objects/555,http://data.odeuropa.eu/vocabulary/olfactory-objects/580
http://data.odeuropa.eu/vocabulary/olfactory-objects/555,http://data.odeuropa.eu/vocabulary/olfactory-objects/581
http://data.odeuropa.eu/vocabulary/olfactory-objects/555,http://data.odeuropa.eu/vocabulary/olfactory-objects/584
http://data.odeuropa.eu/vocabulary/olfactory-objects/555,http://data.odeuropa.eu/vocabulary/olfactory-objects/590
http://data.odeuropa.eu/vocabulary/olfactory-objects/555,http://data.odeuropa.eu/vocabulary/olfactory-objects/593
http://data.odeuropa.eu/vocabulary/olfactory-objects/555,http://data.odeuropa.eu/vocabulary/olfactory-objects/594
http://data.odeuropa.eu/vocabulary/olfactory-objects/555,http://data.odeuropa.eu/vocabulary/olfactory-objects/599
http://data.odeuropa.eu/vocabulary/olfactory-objects/555,http://data.odeuropa.eu/vocabulary/olfactory-objects/606
http://data.odeuropa.eu/vocabulary/olfactory-objects/555,http://data.odeuropa.eu/vocabulary/olfactory-objects/76
http://data.odeuropa.eu/vocabulary/olfactory-objects/555,http://data.odeuropa.eu/vocabulary/olfactory-objects/98
http://data.odeuropa.eu/vocabulary/olfactory-objects/554,http://data.odeuropa.eu/vocabulary/olfactory-objects/554
http://data.odeuropa.eu/vocabulary/olfactory-objects/554,http://data.odeuropa.eu/vocabulary/olfactory-objects/1
http://data.odeuropa.eu/vocabulary/olfactory-objects/554,http://data.odeuropa.eu/vocabulary/olfactory-objects/10
http://data.odeuropa.eu/vocabulary/olfactory-objects/554,http://data.odeuropa.eu/vocabulary/olfactory-objects/100
http://data.odeuropa.eu/vocabulary/olfactory-objects/554,http://data.odeuropa.eu/vocabulary/olfactory-objects/106
http://data.odeuropa.eu/vocabulary/olfactory-objects/554,http://data.odeuropa.eu/vocabulary/olfactory-objects/11
http://data.odeuropa.eu/vocabulary/olfactory-objects/554,http://data.odeuropa.eu/vocabulary/olfactory-objects/111
http://data.odeuropa.eu/vocabulary/olfactory-objects/554,http://data.odeuropa.eu/vocabulary/olfactory-objects/114
http://data.odeuropa.eu/vocabulary/olfactory-objects/554,http://data.odeuropa.eu/vocabulary/olfactory-objects/115
http://data.odeuropa.eu/vocabulary/olfactory-objects/554,http://data.odeuropa.eu/vocabulary/olfactory-objects/116
http://data.odeuropa.eu/vocabulary/olfactory-objects/554,http://data.odeuropa.eu/vocabulary/olfactory-objects/117
http://data.odeuropa.eu/vocabulary/olfactory-objects/554,http://data.odeuropa.eu/vocabulary/olfactory-objects/118
http://data.odeuropa.eu/vocabulary/olfactory-objects/554,http://data.odeuropa.eu/vocabulary/olfactory-objects/120
http://data.odeuropa.eu/vocabulary/olfactory-objects/554,http://data.odeuropa.eu/vocabulary/olfactory-objects/121
http://data.odeuropa.eu/vocabulary/olfactory-objects/554,http://data.odeuropa.eu/vocabulary/olfactory-objects/122
http://data.odeuropa.eu/vocabulary/olfactory-objects/554,http://data.odeuropa.eu/vocabulary/olfactory-objects/123
http://data.odeuropa.eu/vocabulary/olfactory-objects/554,http://data.odeuropa.eu/vocabulary/olfactory-objects/124
http://data.odeuropa.eu/vocabulary/olfactory-objects/554,http://data.odeuropa.eu/vocabulary/olfactory-objects/125
http://data.odeuropa.eu/vocabulary/olfactory-objects/554,http://data.odeuropa.eu/vocabulary/olfactory-objects/127
http://data.odeuropa.eu/vocabulary/olfactory-objects/554,http://data.odeuropa.eu/vocabulary/olfactory-objects/128
http://data.odeuropa.eu/vocabulary/olfactory-objects/554,http://data.odeuropa.eu/vocabulary/olfactory-objects/129
http://data.odeuropa.eu/vocabulary/olfactory-objects/554,http://data.odeuropa.eu/vocabulary/olfactory-objects/130
http://data.odeuropa.eu/vocabulary/olfactory-objects/554,http://data.odeuropa.eu/vocabulary/olfactory-objects/131
http://data.odeuropa.eu/vocabulary/olfactory-objects/554,http://data.odeuropa.eu/vocabulary/olfactory-objects/132
http://data.odeuropa.eu/vocabulary/olfactory-objects/554,http://data.odeuropa.eu/vocabulary/olfactory-objects/133
http://data.odeuropa.eu/vocabulary/olfactory-objects/554,http://data.odeuropa.eu/vocabulary/olfactory-objects/134
http://data.odeuropa.eu/vocabulary/olfactory-objects/554,http://data.odeuropa.eu/vocabulary/olfactory-objects/136
http://data.odeuropa.eu/vocabulary/olfactory-objects/554,http://data.odeuropa.eu/vocabulary/olfactory-objects/137
http://data.odeuropa.eu/vocabulary/olfactory-objects/554,http://data.odeuropa.eu/vocabulary/olfactory-objects/140
http://data.odeuropa.eu/vocabulary/olfactory-objects/554,http://data.odeuropa.eu/vocabulary/olfactory-objects/141
http://data.odeuropa.eu/vocabulary/olfactory-objects/554,http://data.odeuropa.eu/vocabulary/olfactory-objects/142
http://data.odeuropa.eu/vocabulary/olfactory-objects/554,http://data.odeuropa.eu/vocabulary/olfactory-objects/143
http://data.odeuropa.eu/vocabulary/olfactory-objects/554,http://data.odeuropa.eu/vocabulary/olfactory-objects/144
http://data.odeuropa.eu/vocabulary/olfactory-objects/554,http://data.odeuropa.eu/vocabulary/olfactory-objects/148
http://data.odeuropa.eu/vocabulary/olfactory-objects/554,http://data.odeuropa.eu/vocabulary/olfactory-objects/149
http://data.odeuropa.eu/vocabulary/olfactory-objects/554,http://data.odeuropa.eu/vocabulary/olfactory-objects/151
http://data.odeuropa.eu/vocabulary/olfactory-objects/554,http://data.odeuropa.eu/vocabulary/olfactory-objects/152
http://data.odeuropa.eu/vocabulary/olfactory-objects/554,http://data.odeuropa.eu/vocabulary/olfactory-objects/157
http://data.odeuropa.eu/vocabulary/olfactory-objects/554,http://data.odeuropa.eu/vocabulary/olfactory-objects/158
http://data.odeuropa.eu/vocabulary/olfactory-objects/554,http://data.odeuropa.eu/vocabulary/olfactory-objects/163
http://data.odeuropa.eu/vocabulary/olfactory-objects/554,http://data.odeuropa.eu/vocabulary/olfactory-objects/168
http://data.odeuropa.eu/vocabulary/olfactory-objects/554,http://data.odeuropa.eu/vocabulary/olfactory-objects/174
http://data.odeuropa.eu/vocabulary/olfactory-objects/554,http://data.odeuropa.eu/vocabulary/olfactory-objects/176
http://data.odeuropa.eu/vocabulary/olfactory-objects/554,http://data.odeuropa.eu/vocabulary/olfactory-objects/179
http://data.odeuropa.eu/vocabulary/olfactory-objects/554,http://data.odeuropa.eu/vocabulary/olfactory-objects/19
http://data.odeuropa.eu/vocabulary/olfactory-objects/554,http://data.odeuropa.eu/vocabulary/olfactory-objects/196
http://data.odeuropa.eu/vocabulary/olfactory-objects/554,http://data.odeuropa.eu/vocabulary/olfactory-objects/20
http://data.odeuropa.eu/vocabulary/olfactory-objects/554,http://data.odeuropa.eu/vocabulary/olfactory-objects/240
http://data.odeuropa.eu/vocabulary/olfactory-objects/554,http://data.odeuropa.eu/vocabulary/olfactory-objects/25
http://data.odeuropa.eu/vocabulary/olfactory-objects/554,http://data.odeuropa.eu/vocabulary/olfactory-objects/251
http://data.odeuropa.eu/vocabulary/olfactory-objects/554,http://data.odeuropa.eu/vocabulary/olfactory-objects/264
http://data.odeuropa.eu/vocabulary/olfactory-objects/554,http://data.odeuropa.eu/vocabulary/olfactory-objects/271
http://data.odeuropa.eu/vocabulary/olfactory-objects/554,http://data.odeuropa.eu/vocabulary/olfactory-objects/272
http://data.odeuropa.eu/vocabulary/olfactory-objects/554,http://data.odeuropa.eu/vocabulary/olfactory-objects/273
http://data.odeuropa.eu/vocabulary/olfactory-objects/554,http://data.odeuropa.eu/vocabulary/olfactory-objects/274
http://data.odeuropa.eu/vocabulary/olfactory-objects/554,http://data.odeuropa.eu/vocabulary/olfactory-objects/275
http://data.odeuropa.eu/vocabulary/olfactory-objects/554,http://data.odeuropa.eu/vocabulary/olfactory-objects/276
http://data.odeuropa.eu/vocabulary/olfactory-objects/554,http://data.odeuropa.eu/vocabulary/olfactory-objects/28
http://data.odeuropa.eu/vocabulary/olfactory-objects/554,http://data.odeuropa.eu/vocabulary/olfactory-objects/29
http://data.odeuropa.eu/vocabulary/olfactory-objects/554,http://data.odeuropa.eu/vocabulary/olfactory-objects/3
http://data.odeuropa.eu/vocabulary/olfactory-objects/554,http://data.odeuropa.eu/vocabulary/olfactory-objects/30
http://data.odeuropa.eu/vocabulary/olfactory-objects/554,http://data.odeuropa.eu/vocabulary/olfactory-objects/31
http://data.odeuropa.eu/vocabulary/olfactory-objects/554,http://data.odeuropa.eu/vocabulary/olfactory-objects/34
http://data.odeuropa.eu/vocabulary/olfactory-objects/554,http://data.odeuropa.eu/vocabulary/olfactory-objects/366
http://data.odeuropa.eu/vocabulary/olfactory-objects/554,http://data.odeuropa.eu/vocabulary/olfactory-objects/373
http://data.odeuropa.eu/vocabulary/olfactory-objects/554,http://data.odeuropa.eu/vocabulary/olfactory-objects/374
http://data.odeuropa.eu/vocabulary/olfactory-objects/554,http://data.odeuropa.eu/vocabulary/olfactory-objects/38
http://data.odeuropa.eu/vocabulary/olfactory-objects/554,http://data.odeuropa.eu/vocabulary/olfactory-objects/39
http://data.odeuropa.eu/vocabulary/olfactory-objects/554,http://data.odeuropa.eu/vocabulary/olfactory-objects/4
http://data.odeuropa.eu/vocabulary/olfactory-objects/554,http://data.odeuropa.eu/vocabulary/olfactory-objects/40
http://data.odeuropa.eu/vocabulary/olfactory-objects/554,http://data.odeuropa.eu/vocabulary/olfactory-objects/41
http://data.odeuropa.eu/vocabulary/olfactory-objects/554,http://data.odeuropa.eu/vocabulary/olfactory-objects/412
http://data.odeuropa.eu/vocabulary/olfactory-objects/554,http://data.odeuropa.eu/vocabulary/olfactory-objects/416
http://data.odeuropa.eu/vocabulary/olfactory-objects/554,http://data.odeuropa.eu/vocabulary/olfactory-objects/42
http://data.odeuropa.eu/vocabulary/olfactory-objects/554,http://data.odeuropa.eu/vocabulary/olfactory-objects/43
http://data.odeuropa.eu/vocabulary/olfactory-objects/554,http://data.odeuropa.eu/vocabulary/olfactory-objects/433
http://data.odeuropa.eu/vocabulary/olfactory-objects/554,http://data.odeuropa.eu/vocabulary/olfactory-objects/448
http://data.odeuropa.eu/vocabulary/olfactory-objects/554,http://data.odeuropa.eu/vocabulary/olfactory-objects/449
http://data.odeuropa.eu/vocabulary/olfactory-objects/554,http://data.odeuropa.eu/vocabulary/olfactory-objects/450
http://data.odeuropa.eu/vocabulary/olfactory-objects/554,http://data.odeuropa.eu/vocabulary/olfactory-objects/451
http://data.odeuropa.eu/vocabulary/olfactory-objects/554,http://data.odeuropa.eu/vocabulary/olfactory-objects/452
http://data.odeuropa.eu/vocabulary/olfactory-objects/554,http://data.odeuropa.eu/vocabulary/olfactory-objects/453
http://data.odeuropa.eu/vocabulary/olfactory-objects/554,http://data.odeuropa.eu/vocabulary/olfactory-objects/454
http://data.odeuropa.eu/vocabulary/olfactory-objects/554,http://data.odeuropa.eu/vocabulary/olfactory-objects/455
http://data.odeuropa.eu/vocabulary/olfactory-objects/554,http://data.odeuropa.eu/vocabulary/olfactory-objects/456
http://data.odeuropa.eu/vocabulary/olfactory-objects/554,http://data.odeuropa.eu/vocabulary/olfactory-objects/457
http://data.odeuropa.eu/vocabulary/olfactory-objects/554,http://data.odeuropa.eu/vocabulary/olfactory-objects/458
http://data.odeuropa.eu/vocabulary/olfactory-objects/554,http://data.odeuropa.eu/vocabulary/olfactory-objects/472
http://data.odeuropa.eu/vocabulary/olfactory-objects/554,http://data.odeuropa.eu/vocabulary/olfactory-objects/473
http://data.odeuropa.eu/vocabulary/olfactory-objects/554,http://data.odeuropa.eu/vocabulary/olfactory-objects/474
http://data.odeuropa.eu/vocabulary/olfactory-objects/554,http://data.odeuropa.eu/vocabulary/olfactory-objects/481
http://data.odeuropa.eu/vocabulary/olfactory-objects/554,http://data.odeuropa.eu/vocabulary/olfactory-objects/49
http://data.odeuropa.eu/vocabulary/olfactory-objects/554,http://data.odeuropa.eu/vocabulary/olfactory-objects/492
http://data.odeuropa.eu/vocabulary/olfactory-objects/554,http://data.odeuropa.eu/vocabulary/olfactory-objects/493
http://data.odeuropa.eu/vocabulary/olfactory-objects/554,http://data.odeuropa.eu/vocabulary/olfactory-objects/496
http://data.odeuropa.eu/vocabulary/olfactory-objects/554,http://data.odeuropa.eu/vocabulary/olfactory-objects/505
http://data.odeuropa.eu/vocabulary/olfactory-objects/554,http://data.odeuropa.eu/vocabulary/olfactory-objects/51
http://data.odeuropa.eu/vocabulary/olfactory-objects/554,http://data.odeuropa.eu/vocabulary/olfactory-objects/519
http://data.odeuropa.eu/vocabulary/olfactory-objects/554,http://data.odeuropa.eu/vocabulary/olfactory-objects/52
http://data.odeuropa.eu/vocabulary/olfactory-objects/554,http://data.odeuropa.eu/vocabulary/olfactory-objects/522
http://data.odeuropa.eu/vocabulary/olfactory-objects/554,http://data.odeuropa.eu/vocabulary/olfactory-objects/53
http://data.odeuropa.eu/vocabulary/olfactory-objects/554,http://data.odeuropa.eu/vocabulary/olfactory-objects/54
http://data.odeuropa.eu/vocabulary/olfactory-objects/554,http://data.odeuropa.eu/vocabulary/olfactory-objects/546
http://data.odeuropa.eu/vocabulary/olfactory-objects/554,http://data.odeuropa.eu/vocabulary/olfactory-objects/548
http://data.odeuropa.eu/vocabulary/olfactory-objects/554,http://data.odeuropa.eu/vocabulary/olfactory-objects/549
http://data.odeuropa.eu/vocabulary/olfactory-objects/554,http://data.odeuropa.eu/vocabulary/olfactory-objects/561
http://data.odeuropa.eu/vocabulary/olfactory-objects/554,http://data.odeuropa.eu/vocabulary/olfactory-objects/57
http://data.odeuropa.eu/vocabulary/olfactory-objects/554,http://data.odeuropa.eu/vocabulary/olfactory-objects/6
http://data.odeuropa.eu/vocabulary/olfactory-objects/554,http://data.odeuropa.eu/vocabulary/olfactory-objects/63
http://data.odeuropa.eu/vocabulary/olfactory-objects/554,http://data.odeuropa.eu/vocabulary/olfactory-objects/64
http://data.odeuropa.eu/vocabulary/olfactory-objects/554,http://data.odeuropa.eu/vocabulary/olfactory-objects/67
http://data.odeuropa.eu/vocabulary/olfactory-objects/554,http://data.odeuropa.eu/vocabulary/olfactory-objects/7
http://data.odeuropa.eu/vocabulary/olfactory-objects/554,http://data.odeuropa.eu/vocabulary/olfactory-objects/70
http://data.odeuropa.eu/vocabulary/olfactory-objects/554,http://data.odeuropa.eu/vocabulary/olfactory-objects/77
http://data.odeuropa.eu/vocabulary/olfactory-objects/554,http://data.odeuropa.eu/vocabulary/olfactory-objects/8
http://data.odeuropa.eu/vocabulary/olfactory-objects/554,http://data.odeuropa.eu/vocabulary/olfactory-objects/83
http://data.odeuropa.eu/vocabulary/olfactory-objects/554,http://data.odeuropa.eu/vocabulary/olfactory-objects/84
http://data.odeuropa.eu/vocabulary/olfactory-objects/554,http://data.odeuropa.eu/vocabulary/olfactory-objects/85
http://data.odeuropa.eu/vocabulary/olfactory-objects/554,http://data.odeuropa.eu/vocabulary/olfactory-objects/86
http://data.odeuropa.eu/vocabulary/olfactory-objects/554,http://data.odeuropa.eu/vocabulary/olfactory-objects/89
http://data.odeuropa.eu/vocabulary/olfactory-objects/554,http://data.odeuropa.eu/vocabulary/olfactory-objects/90
http://data.odeuropa.eu/vocabulary/olfactory-objects/554,http://data.odeuropa.eu/vocabulary/olfactory-objects/93
http://data.odeuropa.eu/vocabulary/olfactory-objects/554,http://data.odeuropa.eu/vocabulary/olfactory-objects/94
http://data.odeuropa.eu/vocabulary/olfactory-objects/554,http://data.odeuropa.eu/vocabulary/olfactory-objects/95
http://data.odeuropa.eu/vocabulary/olfactory-objects/554,http://data.odeuropa.eu/vocabulary/olfactory-objects/96
http://data.odeuropa.eu/vocabulary/olfactory-objects/554,http://data.odeuropa.eu/vocabulary/olfactory-objects/97
http://data.odeuropa.eu/vocabulary/olfactory-objects/554,http://data.odeuropa.eu/vocabulary/olfactory-objects/99
http://data.odeuropa.eu/vocabulary/olfactory-objects/554,http://data.odeuropa.eu/vocabulary/olfactory-objects/260
http://data.odeuropa.eu/vocabulary/olfactory-objects/554,http://data.odeuropa.eu/vocabulary/olfactory-objects/547
http://data.odeuropa.eu/vocabulary/olfactory-objects/554,http://data.odeuropa.eu/vocabulary/olfactory-objects/69
http://data.odeuropa.eu/vocabulary/olfactory-objects/554,http://data.odeuropa.eu/vocabulary/olfactory-objects/80
http://data.odeuropa.eu/vocabulary/olfactory-objects/554,http://data.odeuropa.eu/vocabulary/olfactory-objects/119
http://data.odeuropa.eu/vocabulary/olfactory-objects/554,http://data.odeuropa.eu/vocabulary/olfactory-objects/566
http://data.odeuropa.eu/vocabulary/olfactory-objects/554,http://data.odeuropa.eu/vocabulary/olfactory-objects/610
http://data.odeuropa.eu/vocabulary/olfactory-objects/554,http://data.odeuropa.eu/vocabulary/olfactory-objects/611
http://data.odeuropa.eu/vocabulary/olfactory-objects/554,http://data.odeuropa.eu/vocabulary/olfactory-objects/671
http://data.odeuropa.eu/vocabulary/olfactory-objects/554,http://data.odeuropa.eu/vocabulary/olfactory-objects/596
http://data.odeuropa.eu/vocabulary/olfactory-objects/554,http://data.odeuropa.eu/vocabulary/olfactory-objects/532
http://data.odeuropa.eu/vocabulary/olfactory-objects/554,http://data.odeuropa.eu/vocabulary/olfactory-objects/589
http://data.odeuropa.eu/vocabulary/olfactory-objects/554,http://data.odeuropa.eu/vocabulary/olfactory-objects/598
http://data.odeuropa.eu/vocabulary/olfactory-objects/554,http://data.odeuropa.eu/vocabulary/olfactory-objects/576
http://data.odeuropa.eu/vocabulary/olfactory-objects/554,http://data.odeuropa.eu/vocabulary/olfactory-objects/572
http://data.odeuropa.eu/vocabulary/olfactory-objects/554,http://data.odeuropa.eu/vocabulary/olfactory-objects/574
http://data.odeuropa.eu/vocabulary/olfactory-objects/554,http://data.odeuropa.eu/vocabulary/olfactory-objects/588
http://data.odeuropa.eu/vocabulary/olfactory-objects/554,http://data.odeuropa.eu/vocabulary/olfactory-objects/592
http://data.odeuropa.eu/vocabulary/olfactory-objects/554,http://data.odeuropa.eu/vocabulary/olfactory-objects/602
http://data.odeuropa.eu/vocabulary/olfactory-objects/554,http://data.odeuropa.eu/vocabulary/olfactory-objects/604
http://data.odeuropa.eu/vocabulary/olfactory-objects/554,http://data.odeuropa.eu/vocabulary/olfactory-objects/583
http://data.odeuropa.eu/vocabulary/olfactory-objects/564,http://data.odeuropa.eu/vocabulary/olfactory-objects/564
http://data.odeuropa.eu/vocabulary/olfactory-objects/564,http://data.odeuropa.eu/vocabulary/olfactory-objects/136
http://data.odeuropa.eu/vocabulary/olfactory-objects/564,http://data.odeuropa.eu/vocabulary/olfactory-objects/264
http://data.odeuropa.eu/vocabulary/olfactory-objects/564,http://data.odeuropa.eu/vocabulary/olfactory-objects/546
http://data.odeuropa.eu/vocabulary/olfactory-objects/564,http://data.odeuropa.eu/vocabulary/olfactory-objects/108
http://data.odeuropa.eu/vocabulary/olfactory-objects/564,http://data.odeuropa.eu/vocabulary/olfactory-objects/9
http://data.odeuropa.eu/vocabulary/olfactory-objects/616,http://data.odeuropa.eu/vocabulary/olfactory-objects/616
http://data.odeuropa.eu/vocabulary/olfactory-objects/616,http://data.odeuropa.eu/vocabulary/olfactory-objects/617
http://data.odeuropa.eu/vocabulary/olfactory-objects/616,http://data.odeuropa.eu/vocabulary/olfactory-objects/618
http://data.odeuropa.eu/vocabulary/olfactory-objects/616,http://data.odeuropa.eu/vocabulary/olfactory-objects/659
http://data.odeuropa.eu/vocabulary/olfactory-objects/616,http://data.odeuropa.eu/vocabulary/olfactory-objects/620
http://data.odeuropa.eu/vocabulary/olfactory-objects/616,http://data.odeuropa.eu/vocabulary/olfactory-objects/638
http://data.odeuropa.eu/vocabulary/olfactory-objects/616,http://data.odeuropa.eu/vocabulary/olfactory-objects/623
http://data.odeuropa.eu/vocabulary/olfactory-objects/616,http://data.odeuropa.eu/vocabulary/olfactory-objects/216
http://data.odeuropa.eu/vocabulary/olfactory-objects/631,http://data.odeuropa.eu/vocabulary/olfactory-objects/631
http://data.odeuropa.eu/vocabulary/olfactory-objects/631,http://data.odeuropa.eu/vocabulary/olfactory-objects/646
http://data.odeuropa.eu/vocabulary/olfactory-objects/631,http://data.odeuropa.eu/vocabulary/olfactory-objects/654
http://data.odeuropa.eu/vocabulary/olfactory-objects/631,http://data.odeuropa.eu/vocabulary/olfactory-objects/686
http://data.odeuropa.eu/vocabulary/olfactory-objects/615,http://data.odeuropa.eu/vocabulary/olfactory-objects/615
http://data.odeuropa.eu/vocabulary/olfactory-objects/615,http://data.odeuropa.eu/vocabulary/olfactory-objects/648
