http://data.odeuropa.eu/smell/2cd5fe6a-f7c7-5517-8f6c-4ba85b924ccd,od_F6_evoked%20%2F%20ecrm_P137_exemplifies.csv,http://data.odeuropa.eu/vocabulary/olfactory-objects/404
http://data.odeuropa.eu/smell/1260fbc8-e4f3-5d86-b531-4e2e216d46ca,od_F6_evoked%20%2F%20ecrm_P137_exemplifies.csv,http://data.odeuropa.eu/vocabulary/olfactory-objects/105
http://data.odeuropa.eu/smell/95039b68-5eb7-5531-8d02-72eac871bb82,%5Ereo_readP27%20%2F%20ecrm_P137_exemplifies.csv,http://data.odeuropa.eu/emotion-type/love
http://data.odeuropa.eu/smell/b248154f-e6fb-5ffd-b536-413c9002246d,%5Ereo_readP27%20%2F%20ecrm_P137_exemplifies.csv,http://data.odeuropa.eu/emotion-type/disgust
http://data.odeuropa.eu/smell/37b1a4a7-b6af-50f5-8945-ff688279d865,%5Ereo_readP27%20%2F%20ecrm_P137_exemplifies.csv,http://data.odeuropa.eu/emotion-type/disgust
http://data.odeuropa.eu/smell/9c62455b-14a9-5ea8-8d24-9dfbecf50514,%5Ereo_readP27%20%2F%20ecrm_P137_exemplifies.csv,http://data.odeuropa.eu/emotion-type/disgust
http://data.odeuropa.eu/smell/f48fc977-e75f-5916-9462-57e4bcf0279b,%5Ereo_readP27%20%2F%20ecrm_P137_exemplifies.csv,http://data.odeuropa.eu/emotion-type/disgust
http://data.odeuropa.eu/smell/2cd5fe6a-f7c7-5517-8f6c-4ba85b924ccd,%5Ereo_readP27%20%2F%20ecrm_P137_exemplifies.csv,http://data.odeuropa.eu/emotion-type/disgust
http://data.odeuropa.eu/smell/cf6df0b6-a482-5c5f-9ddd-6adad0f7e476,%5Ereo_readP27%20%2F%20ecrm_P137_exemplifies.csv,http://data.odeuropa.eu/emotion-type/desire
http://data.odeuropa.eu/smell/a3f2a42d-2da8-5a91-838c-261a4b9fba2b,%5Ereo_readP27%20%2F%20ecrm_P137_exemplifies.csv,http://data.odeuropa.eu/emotion-type/disgust
http://data.odeuropa.eu/smell/a31d4aad-0e9d-5f6b-aa24-1a8a2615b67a,%5Ereo_readP27%20%2F%20ecrm_P137_exemplifies.csv,http://data.odeuropa.eu/emotion-type/disgust
http://data.odeuropa.eu/smell/cb7b7838-2d8b-5338-9c7b-58792829d1a1,%5Ereo_readP27%20%2F%20ecrm_P137_exemplifies.csv,http://data.odeuropa.eu/emotion-type/disgust
http://data.odeuropa.eu/smell/45f95062-7f8e-5d41-8505-ab309ca01d2f,%5Ereo_readP27%20%2F%20ecrm_P137_exemplifies.csv,http://data.odeuropa.eu/emotion-type/desire
http://data.odeuropa.eu/smell/26692846-ef77-550b-a8e8-d1a4410cb70a,%5Ereo_readP27%20%2F%20ecrm_P137_exemplifies.csv,http://data.odeuropa.eu/emotion-type/disgust
http://data.odeuropa.eu/smell/af34a784-80d2-5c91-95fd-4eca3c6a828e,%5Ereo_readP27%20%2F%20ecrm_P137_exemplifies.csv,http://data.odeuropa.eu/emotion-type/disgust
http://data.odeuropa.eu/smell/79a4d97b-3f65-543b-be81-f8b6f489ec81,%5Ereo_readP27%20%2F%20ecrm_P137_exemplifies.csv,http://data.odeuropa.eu/emotion-type/disgust
http://data.odeuropa.eu/smell/e14e6fe3-a529-5f51-997e-f86ea43c043c,%5Ereo_readP27%20%2F%20ecrm_P137_exemplifies.csv,http://data.odeuropa.eu/emotion-type/joy
http://data.odeuropa.eu/smell/bc74fb11-d1d7-5b0d-b7a9-1b43dfc037ab,%5Ereo_readP27%20%2F%20ecrm_P137_exemplifies.csv,http://data.odeuropa.eu/emotion-type/disgust
http://data.odeuropa.eu/smell/5e8ffc6e-d9f0-5f84-be16-2a2b5f426b61,%5Ereo_readP27%20%2F%20ecrm_P137_exemplifies.csv,http://data.odeuropa.eu/emotion-type/disgust
http://data.odeuropa.eu/smell/5e8ffc6e-d9f0-5f84-be16-2a2b5f426b61,%5Ereo_readP27%20%2F%20ecrm_P137_exemplifies.csv,http://data.odeuropa.eu/emotion-type/surprise
http://data.odeuropa.eu/smell/3d1f2a53-9981-57f2-bf56-1d0e2626c515,%5Ereo_readP27%20%2F%20ecrm_P137_exemplifies.csv,http://data.odeuropa.eu/emotion-type/joy
http://data.odeuropa.eu/smell/b29205aa-4f9d-56c1-821c-16a83564963e,%5Ereo_readP27%20%2F%20ecrm_P137_exemplifies.csv,http://data.odeuropa.eu/emotion-type/joy
http://data.odeuropa.eu/smell/08f431df-ea49-5127-9cfa-5cba2d630078,%5Ereo_readP27%20%2F%20ecrm_P137_exemplifies.csv,http://data.odeuropa.eu/emotion-type/disgust
http://data.odeuropa.eu/smell/99c810c0-46a8-5bf0-a328-7c7e174ff711,%5Ereo_readP27%20%2F%20ecrm_P137_exemplifies.csv,http://data.odeuropa.eu/emotion-type/disgust
http://data.odeuropa.eu/smell/ace9e87e-4d2c-58a0-b365-4b26ffefeacd,%5Ereo_readP27%20%2F%20ecrm_P137_exemplifies.csv,http://data.odeuropa.eu/emotion-type/disgust
http://data.odeuropa.eu/smell/ad4d43bb-3dde-5d1d-9fb8-8ddd2d633f0f,%5Ereo_readP27%20%2F%20ecrm_P137_exemplifies.csv,http://data.odeuropa.eu/emotion-type/disgust
http://data.odeuropa.eu/smell/9e496038-e2f1-5f1b-b32f-cba503adb9f8,%5Ereo_readP27%20%2F%20ecrm_P137_exemplifies.csv,http://data.odeuropa.eu/emotion-type/joy
http://data.odeuropa.eu/smell/6657c430-a27b-5c34-a74b-0838d1a76a05,%5Ereo_readP27%20%2F%20ecrm_P137_exemplifies.csv,http://data.odeuropa.eu/emotion-type/disgust
http://data.odeuropa.eu/smell/e1fe18e8-9045-5084-ba2f-c6d9974b4a65,%5Ereo_readP27%20%2F%20ecrm_P137_exemplifies.csv,http://data.odeuropa.eu/emotion-type/disgust
http://data.odeuropa.eu/smell/2bdfe4d3-36ec-5a82-afe7-39806e5ef053,%5Ereo_readP27%20%2F%20ecrm_P137_exemplifies.csv,http://data.odeuropa.eu/emotion-type/joy
http://data.odeuropa.eu/smell/855cb232-1995-5679-ba77-32acaa3f2b04,%5Ereo_readP27%20%2F%20ecrm_P137_exemplifies.csv,http://data.odeuropa.eu/emotion-type/joy
http://data.odeuropa.eu/smell/e397feca-ee07-51b6-9894-bbbb7a54cea4,%5Ereo_readP27%20%2F%20ecrm_P137_exemplifies.csv,http://data.odeuropa.eu/emotion-type/disgust
http://data.odeuropa.eu/smell/e254cd0e-6c52-5c9d-99e8-021aefa7b0c4,%5Ereo_readP27%20%2F%20ecrm_P137_exemplifies.csv,http://data.odeuropa.eu/emotion-type/disgust
http://data.odeuropa.eu/smell/8a74beee-cbab-5adc-8108-f09fb95cece0,%5Ereo_readP27%20%2F%20ecrm_P137_exemplifies.csv,http://data.odeuropa.eu/emotion-type/anger
http://data.odeuropa.eu/smell/fd863530-635b-51c8-8ed2-db0f31f8616a,%5Ereo_readP27%20%2F%20ecrm_P137_exemplifies.csv,http://data.odeuropa.eu/emotion-type/disgust
http://data.odeuropa.eu/smell/d5d388ba-392a-50d7-9665-440f5bbcf394,%5Ereo_readP27%20%2F%20ecrm_P137_exemplifies.csv,http://data.odeuropa.eu/emotion-type/disgust
http://data.odeuropa.eu/smell/9a24eb7c-29c3-5da6-abec-5823883eac5e,%5Ereo_readP27%20%2F%20ecrm_P137_exemplifies.csv,http://data.odeuropa.eu/emotion-type/joy
http://data.odeuropa.eu/smell/1c403e0c-9a55-5d86-85fd-2337941b3832,%5Ereo_readP27%20%2F%20ecrm_P137_exemplifies.csv,http://data.odeuropa.eu/emotion-type/disgust
http://data.odeuropa.eu/smell/6976a379-0c55-5e4d-9540-a7608344f603,%5Ereo_readP27%20%2F%20ecrm_P137_exemplifies.csv,http://data.odeuropa.eu/emotion-type/desire
http://data.odeuropa.eu/smell/73a82ade-49a5-5b55-8a7d-8c57cdde5511,%5Ereo_readP27%20%2F%20ecrm_P137_exemplifies.csv,http://data.odeuropa.eu/emotion-type/disgust
http://data.odeuropa.eu/smell/5e51ab0f-b577-5788-9915-3333588d507e,%5Ereo_readP27%20%2F%20ecrm_P137_exemplifies.csv,http://data.odeuropa.eu/emotion-type/disgust
http://data.odeuropa.eu/smell/d7b4a084-0124-51b4-8ea3-9dff8bf9392c,%5Ereo_readP27%20%2F%20ecrm_P137_exemplifies.csv,http://data.odeuropa.eu/emotion-type/disgust
http://data.odeuropa.eu/smell/fc12094d-b5e5-5eb7-a472-5b0b0c80d765,%5Ereo_readP27%20%2F%20ecrm_P137_exemplifies.csv,http://data.odeuropa.eu/emotion-type/disgust
http://data.odeuropa.eu/smell/0bfafacf-baac-5cd6-b862-cece0bb1c60d,%5Ereo_readP27%20%2F%20ecrm_P137_exemplifies.csv,http://data.odeuropa.eu/emotion-type/disgust
http://data.odeuropa.eu/smell/ce52010f-c958-50ef-9a2c-4fe6dd1fdf04,%5Ereo_readP27%20%2F%20ecrm_P137_exemplifies.csv,http://data.odeuropa.eu/emotion-type/anger
http://data.odeuropa.eu/smell/a611aee6-d5f1-579d-8354-05b4aae7c5fd,%5Ereo_readP27%20%2F%20ecrm_P137_exemplifies.csv,http://data.odeuropa.eu/emotion-type/disgust
http://data.odeuropa.eu/smell/1621ef71-b897-5204-9cba-da62d117ed87,%5Ereo_readP27%20%2F%20ecrm_P137_exemplifies.csv,http://data.odeuropa.eu/emotion-type/disgust
http://data.odeuropa.eu/smell/a640da70-2f0d-54ee-8979-31aa65abb3aa,%5Ereo_readP27%20%2F%20ecrm_P137_exemplifies.csv,http://data.odeuropa.eu/emotion-type/disgust
http://data.odeuropa.eu/smell/d2ea6d02-c538-53c5-95e8-f97e79625b32,%5Ereo_readP27%20%2F%20ecrm_P137_exemplifies.csv,http://data.odeuropa.eu/emotion-type/disgust
http://data.odeuropa.eu/smell/2d14a437-d768-508c-8e4b-4bcfb253c9ae,%5Ereo_readP27%20%2F%20ecrm_P137_exemplifies.csv,http://data.odeuropa.eu/emotion-type/desire
http://data.odeuropa.eu/smell/d847b43f-eb2d-5028-b02d-02d9ca0564fe,%5Ereo_readP27%20%2F%20ecrm_P137_exemplifies.csv,http://data.odeuropa.eu/emotion-type/surprise
http://data.odeuropa.eu/smell/6b0d7a9c-ae9f-5989-803c-815e5a82fc4e,%5Ereo_readP27%20%2F%20ecrm_P137_exemplifies.csv,http://data.odeuropa.eu/emotion-type/disgust
http://data.odeuropa.eu/smell/9a2700f8-06ff-5b70-ac39-a8e073485509,%5Ereo_readP27%20%2F%20ecrm_P137_exemplifies.csv,http://data.odeuropa.eu/emotion-type/disgust
http://data.odeuropa.eu/smell/36bf3f73-96de-5c8b-970b-cd07dcdab44a,%5Ereo_readP27%20%2F%20ecrm_P137_exemplifies.csv,http://data.odeuropa.eu/emotion-type/disgust
http://data.odeuropa.eu/smell/659a7498-d601-57a8-a792-f8da995f7f95,%5Ereo_readP27%20%2F%20ecrm_P137_exemplifies.csv,http://data.odeuropa.eu/emotion-type/disgust
http://data.odeuropa.eu/smell/985719c2-5a94-5b82-b585-311181fd1d62,%5Ereo_readP27%20%2F%20ecrm_P137_exemplifies.csv,http://data.odeuropa.eu/emotion-type/disgust
http://data.odeuropa.eu/smell/48bcb6fa-1bd9-5d7b-af4b-041f61d69905,%5Ereo_readP27%20%2F%20ecrm_P137_exemplifies.csv,http://data.odeuropa.eu/emotion-type/nostalgia
http://data.odeuropa.eu/smell/a78e90a4-d669-5233-b11c-0fee3f2f5ce7,%5Ereo_readP27%20%2F%20ecrm_P137_exemplifies.csv,http://data.odeuropa.eu/emotion-type/disgust
http://data.odeuropa.eu/smell/6dd8a9c7-e076-51b2-a061-58e62f2790a4,%5Ereo_readP27%20%2F%20ecrm_P137_exemplifies.csv,http://data.odeuropa.eu/emotion-type/disgust
http://data.odeuropa.eu/smell/76679cee-244a-5138-b2c4-79aecbd4ff7b,%5Ereo_readP27%20%2F%20ecrm_P137_exemplifies.csv,http://data.odeuropa.eu/emotion-type/disgust
http://data.odeuropa.eu/smell/442a7ada-7c3c-582a-bc8e-c5ac4cde9cfb,%5Ereo_readP27%20%2F%20ecrm_P137_exemplifies.csv,http://data.odeuropa.eu/emotion-type/nostalgia
http://data.odeuropa.eu/smell/d442c8d1-da0a-5441-8cc6-f8cd43b624dc,%5Ereo_readP27%20%2F%20ecrm_P137_exemplifies.csv,http://data.odeuropa.eu/emotion-type/joy
http://data.odeuropa.eu/smell/fd530233-c82b-5bb7-b921-f3aa83b3ec23,%5Ereo_readP27%20%2F%20ecrm_P137_exemplifies.csv,http://data.odeuropa.eu/emotion-type/disgust
http://data.odeuropa.eu/smell/1826f6a5-098d-5987-9a6f-824782f292e7,%5Ereo_readP27%20%2F%20ecrm_P137_exemplifies.csv,http://data.odeuropa.eu/emotion-type/joy
http://data.odeuropa.eu/smell/c4a535cc-7390-54a9-9d4b-35ddb3b27ff5,%5Ereo_readP27%20%2F%20ecrm_P137_exemplifies.csv,http://data.odeuropa.eu/emotion-type/surprise
http://data.odeuropa.eu/smell/d6582d79-d7b7-5108-beb1-cb2bf7298d0f,%5Ereo_readP27%20%2F%20ecrm_P137_exemplifies.csv,http://data.odeuropa.eu/emotion-type/disgust
http://data.odeuropa.eu/smell/0bece18c-6616-5499-8e39-5ea404c277a8,%5Ereo_readP27%20%2F%20ecrm_P137_exemplifies.csv,http://data.odeuropa.eu/emotion-type/disgust
http://data.odeuropa.eu/smell/ce84edf7-d328-5f1c-9e16-4161d68d424a,%5Ereo_readP27%20%2F%20ecrm_P137_exemplifies.csv,http://data.odeuropa.eu/emotion-type/disgust
http://data.odeuropa.eu/smell/aec9592e-f1d4-5da7-8019-015727b72267,%5Ereo_readP27%20%2F%20ecrm_P137_exemplifies.csv,http://data.odeuropa.eu/emotion-type/disgust
http://data.odeuropa.eu/smell/e9da5337-8606-578a-bb7b-e31e144a2c34,%5Ereo_readP27%20%2F%20ecrm_P137_exemplifies.csv,http://data.odeuropa.eu/emotion-type/desire
http://data.odeuropa.eu/smell/266019d9-637e-5a74-a120-f778da273b7a,%5Ereo_readP27%20%2F%20ecrm_P137_exemplifies.csv,http://data.odeuropa.eu/emotion-type/joy
http://data.odeuropa.eu/smell/72592080-20ac-5139-80ef-b016264568ba,%5Ereo_readP27%20%2F%20ecrm_P137_exemplifies.csv,http://data.odeuropa.eu/emotion-type/joy
http://data.odeuropa.eu/smell/45360aff-c5a8-5be9-b9f2-676da854648c,%5Ereo_readP27%20%2F%20ecrm_P137_exemplifies.csv,http://data.odeuropa.eu/emotion-type/disgust
http://data.odeuropa.eu/smell/350d6863-32e5-5513-88ea-6757fe7f2c21,%5Ereo_readP27%20%2F%20ecrm_P137_exemplifies.csv,http://data.odeuropa.eu/emotion-type/disgust
http://data.odeuropa.eu/smell/99b577f1-72b0-5318-ac47-0ffa236ae4f3,%5Ereo_readP27%20%2F%20ecrm_P137_exemplifies.csv,http://data.odeuropa.eu/emotion-type/disgust
http://data.odeuropa.eu/smell/99b577f1-72b0-5318-ac47-0ffa236ae4f3,%5Ereo_readP27%20%2F%20ecrm_P137_exemplifies.csv,http://data.odeuropa.eu/emotion-type/joy
http://data.odeuropa.eu/smell/8a9c60f2-be18-579b-a591-b0506e997083,%5Ereo_readP27%20%2F%20ecrm_P137_exemplifies.csv,http://data.odeuropa.eu/emotion-type/disgust
http://data.odeuropa.eu/smell/03f900c1-052f-5bb9-8295-fc250eaa0f46,%5Ereo_readP27%20%2F%20ecrm_P137_exemplifies.csv,http://data.odeuropa.eu/emotion-type/disgust
http://data.odeuropa.eu/smell/783b55db-998b-5a24-ba03-de67a9e654f4,%5Ereo_readP27%20%2F%20ecrm_P137_exemplifies.csv,http://data.odeuropa.eu/emotion-type/disgust
http://data.odeuropa.eu/smell/5806cd2c-fc18-56f9-a5cb-43fc12af2ecc,%5Ereo_readP27%20%2F%20ecrm_P137_exemplifies.csv,http://data.odeuropa.eu/emotion-type/disgust
http://data.odeuropa.eu/smell/2e00261b-efff-565a-9b20-14b2b6bbba73,%5Ereo_readP27%20%2F%20ecrm_P137_exemplifies.csv,http://data.odeuropa.eu/emotion-type/disgust
http://data.odeuropa.eu/smell/3300d1ee-89a6-549a-8fa2-eb44c51984fe,%5Ereo_readP27%20%2F%20ecrm_P137_exemplifies.csv,http://data.odeuropa.eu/emotion-type/disgust
http://data.odeuropa.eu/smell/358a14b4-42e9-57e1-80a3-e9b60e1871aa,%5Ereo_readP27%20%2F%20ecrm_P137_exemplifies.csv,http://data.odeuropa.eu/emotion-type/disgust
http://data.odeuropa.eu/smell/464135ae-aed3-537f-ab56-3b075d60abd4,%5Ereo_readP27%20%2F%20ecrm_P137_exemplifies.csv,http://data.odeuropa.eu/emotion-type/disgust
http://data.odeuropa.eu/smell/e1e45dab-cb7e-57df-a77d-ebc98d7febad,%5Ereo_readP27%20%2F%20ecrm_P137_exemplifies.csv,http://data.odeuropa.eu/emotion-type/disgust
http://data.odeuropa.eu/smell/d7242691-c9a6-5e28-9bbf-40879dad4117,%5Ereo_readP27%20%2F%20ecrm_P137_exemplifies.csv,http://data.odeuropa.eu/emotion-type/disgust
http://data.odeuropa.eu/smell/99b23359-d18f-5793-bdfa-eecdecd89eae,%5Ereo_readP27%20%2F%20ecrm_P137_exemplifies.csv,http://data.odeuropa.eu/emotion-type/joy
http://data.odeuropa.eu/smell/a34f1feb-0d38-5534-8098-da2df7c1f701,%5Ereo_readP27%20%2F%20ecrm_P137_exemplifies.csv,http://data.odeuropa.eu/emotion-type/disgust
http://data.odeuropa.eu/smell/d2699499-540f-5fcc-a10c-671e300b30c9,%5Ereo_readP27%20%2F%20ecrm_P137_exemplifies.csv,http://data.odeuropa.eu/emotion-type/disgust
http://data.odeuropa.eu/smell/eb2fe869-c2c8-5867-81b2-86c9f75e85bc,%5Ereo_readP27%20%2F%20ecrm_P137_exemplifies.csv,http://data.odeuropa.eu/emotion-type/disgust
http://data.odeuropa.eu/smell/45c0e1ac-67f9-5914-836b-f00146315a1f,%5Ereo_readP27%20%2F%20ecrm_P137_exemplifies.csv,http://data.odeuropa.eu/emotion-type/disgust
http://data.odeuropa.eu/smell/5aff3dfa-1f4d-5b08-a067-c1fd3048146f,%5Ereo_readP27%20%2F%20ecrm_P137_exemplifies.csv,http://data.odeuropa.eu/emotion-type/disgust
http://data.odeuropa.eu/smell/39da2118-d298-5bd4-8e1a-d61bd2e970c9,%5Ereo_readP27%20%2F%20ecrm_P137_exemplifies.csv,http://data.odeuropa.eu/emotion-type/honour
http://data.odeuropa.eu/smell/5b2fffe3-4100-52a8-9538-5aef1eaebb9d,%5Ereo_readP27%20%2F%20ecrm_P137_exemplifies.csv,http://data.odeuropa.eu/emotion-type/joy
http://data.odeuropa.eu/smell/f6c36b33-08b9-5390-a52e-1f2725fa450b,%5Ereo_readP27%20%2F%20ecrm_P137_exemplifies.csv,http://data.odeuropa.eu/emotion-type/disgust
http://data.odeuropa.eu/smell/21628ae1-3dd3-50d9-acea-fa919f90006c,%5Ereo_readP27%20%2F%20ecrm_P137_exemplifies.csv,http://data.odeuropa.eu/emotion-type/joy
http://data.odeuropa.eu/smell/db81f215-c951-500e-b1a0-88684394a2dc,%5Ereo_readP27%20%2F%20ecrm_P137_exemplifies.csv,http://data.odeuropa.eu/emotion-type/disgust
http://data.odeuropa.eu/smell/6e5e5462-ca0a-52ed-b50f-431a09698d05,%5Ereo_readP27%20%2F%20ecrm_P137_exemplifies.csv,http://data.odeuropa.eu/emotion-type/joy
http://data.odeuropa.eu/smell/dc78c5f4-5f52-5329-ba75-7c87ff61dcbd,%5Ereo_readP27%20%2F%20ecrm_P137_exemplifies.csv,http://data.odeuropa.eu/emotion-type/desire
http://data.odeuropa.eu/smell/e96be8c3-adf7-5a59-8346-77982337b4fb,%5Ereo_readP27%20%2F%20ecrm_P137_exemplifies.csv,http://data.odeuropa.eu/emotion-type/disgust
http://data.odeuropa.eu/smell/41ea9e26-e959-5fe1-b138-172a761875a0,%5Ereo_readP27%20%2F%20ecrm_P137_exemplifies.csv,http://data.odeuropa.eu/emotion-type/desire
http://data.odeuropa.eu/smell/1260fbc8-e4f3-5d86-b531-4e2e216d46ca,%5Ereo_readP27%20%2F%20ecrm_P137_exemplifies.csv,http://data.odeuropa.eu/emotion-type/nostalgia
http://data.odeuropa.eu/smell/5621a560-e40a-517a-85df-17e3a8f50cc3,od_F4_had_carrier%20%2F%20ecrm_P137_exemplifies.csv,http://data.odeuropa.eu/vocabulary/olfactory-objects/109
http://data.odeuropa.eu/smell/684459c0-3d4f-532e-b82e-95501a33a200,od_F4_had_carrier%20%2F%20ecrm_P137_exemplifies.csv,http://data.odeuropa.eu/vocabulary/olfactory-objects/109
http://data.odeuropa.eu/smell/ec29590c-c498-5232-9430-b90ed4a3f0cd,od_F4_had_carrier%20%2F%20ecrm_P137_exemplifies.csv,http://data.odeuropa.eu/vocabulary/olfactory-objects/533
http://data.odeuropa.eu/smell/917da88c-e9bc-519b-8695-a3220174c327,%5Eecrm_P140_assigned_attribute_to%20%2F%20ecrm_P141_assigned.csv,http://data.odeuropa.eu/attribute/a%20little_en
http://data.odeuropa.eu/smell/477a581c-d281-5a0e-a8f2-05e4624db272,%5Eecrm_P140_assigned_attribute_to%20%2F%20ecrm_P141_assigned.csv,http://data.odeuropa.eu/attribute/Pulmonary_en
http://data.odeuropa.eu/smell/e3655e2d-a468-542c-9d29-951b1c7d9fae,%5Eecrm_P140_assigned_attribute_to%20%2F%20ecrm_P141_assigned.csv,http://data.odeuropa.eu/attribute/fetid_en
http://data.odeuropa.eu/smell/2f5ea521-d1a2-5635-b609-17ed1ab7b2f6,%5Eecrm_P140_assigned_attribute_to%20%2F%20ecrm_P141_assigned.csv,http://data.odeuropa.eu/attribute/corrupt_en
http://data.odeuropa.eu/smell/2f5ea521-d1a2-5635-b609-17ed1ab7b2f6,%5Eecrm_P140_assigned_attribute_to%20%2F%20ecrm_P141_assigned.csv,http://data.odeuropa.eu/attribute/foggie_en
http://data.odeuropa.eu/smell/5db36dc4-2c90-5fac-a8ee-f6592ff44342,%5Eecrm_P140_assigned_attribute_to%20%2F%20ecrm_P141_assigned.csv,http://data.odeuropa.eu/attribute/fetid_en
http://data.odeuropa.eu/smell/72493238-53e7-54d8-8779-de984f730815,%5Eecrm_P140_assigned_attribute_to%20%2F%20ecrm_P141_assigned.csv,http://data.odeuropa.eu/vocabulary/vdi-hedonic/19n
http://data.odeuropa.eu/smell/72493238-53e7-54d8-8779-de984f730815,%5Eecrm_P140_assigned_attribute_to%20%2F%20ecrm_P141_assigned.csv,http://data.odeuropa.eu/attribute/fragrant_en
http://data.odeuropa.eu/smell/444e1fe2-d5c7-5d77-a1f8-045751399346,%5Eecrm_P140_assigned_attribute_to%20%2F%20ecrm_P141_assigned.csv,http://data.odeuropa.eu/vocabulary/vdi-intensity/4
http://data.odeuropa.eu/smell/8e64625e-4af9-5046-9e96-e37b571c8fb4,%5Eecrm_P140_assigned_attribute_to%20%2F%20ecrm_P141_assigned.csv,http://data.odeuropa.eu/attribute/olfactory_en
http://data.odeuropa.eu/smell/d21f5f95-94d5-5d38-8bc5-725c9e7d823f,%5Eecrm_P140_assigned_attribute_to%20%2F%20ecrm_P141_assigned.csv,http://data.odeuropa.eu/vocabulary/vdi-hedonic/11n
http://data.odeuropa.eu/smell/8e144973-4f46-50da-871a-ac91de4c66f7,%5Eecrm_P140_assigned_attribute_to%20%2F%20ecrm_P141_assigned.csv,http://data.odeuropa.eu/attribute/both%20varieties%20of_en
http://data.odeuropa.eu/smell/8f05a644-10a1-5ef9-b1b4-cbf4b4bac63b,%5Eecrm_P140_assigned_attribute_to%20%2F%20ecrm_P141_assigned.csv,http://data.odeuropa.eu/attribute/of%20the%20one%20variety_en
http://data.odeuropa.eu/smell/40ef6684-1143-5e03-b86f-9b55f913d571,%5Eecrm_P140_assigned_attribute_to%20%2F%20ecrm_P141_assigned.csv,http://data.odeuropa.eu/attribute/personal_en
http://data.odeuropa.eu/smell/40ef6684-1143-5e03-b86f-9b55f913d571,%5Eecrm_P140_assigned_attribute_to%20%2F%20ecrm_P141_assigned.csv,http://data.odeuropa.eu/vocabulary/vdi-intensity/4
http://data.odeuropa.eu/smell/12054eec-c087-53d1-9b6c-4a4056f60d29,%5Eecrm_P140_assigned_attribute_to%20%2F%20ecrm_P141_assigned.csv,http://data.odeuropa.eu/attribute/the%20extension%20of_en
http://data.odeuropa.eu/smell/c79b6d74-9344-571d-88ab-be3ef8933dc7,%5Eecrm_P140_assigned_attribute_to%20%2F%20ecrm_P141_assigned.csv,http://data.odeuropa.eu/attribute/ill_en
http://data.odeuropa.eu/smell/36a4bfb8-c94c-531d-925f-d77ca0c8ee0b,%5Eecrm_P140_assigned_attribute_to%20%2F%20ecrm_P141_assigned.csv,http://data.odeuropa.eu/attribute/ambrosiacce_en
http://data.odeuropa.eu/smell/2dd502e1-165b-5d9e-9c8b-b738ca958070,%5Eecrm_P140_assigned_attribute_to%20%2F%20ecrm_P141_assigned.csv,http://data.odeuropa.eu/attribute/fetid_en
http://data.odeuropa.eu/smell/525a4bfd-2489-5539-8187-0d33e9f46690,%5Eecrm_P140_assigned_attribute_to%20%2F%20ecrm_P141_assigned.csv,http://data.odeuropa.eu/attribute/Dead-Nettle_en
http://data.odeuropa.eu/smell/f2ff05f0-1aa2-5287-81fd-9b35f8f54209,%5Eecrm_P140_assigned_attribute_to%20%2F%20ecrm_P141_assigned.csv,http://data.odeuropa.eu/attribute/putrid_en
http://data.odeuropa.eu/smell/1b8099ac-812f-5c52-9dc0-0c328c580294,%5Eecrm_P140_assigned_attribute_to%20%2F%20ecrm_P141_assigned.csv,http://data.odeuropa.eu/vocabulary/vdi-intensity/4
http://data.odeuropa.eu/smell/81acd4f8-12d6-5107-898f-7da59c5f89f1,%5Eecrm_P140_assigned_attribute_to%20%2F%20ecrm_P141_assigned.csv,http://data.odeuropa.eu/vocabulary/edwards/aromatic
http://data.odeuropa.eu/smell/72592080-20ac-5139-80ef-b016264568ba,%5Eecrm_P140_assigned_attribute_to%20%2F%20ecrm_P141_assigned.csv,http://data.odeuropa.eu/vocabulary/vdi-intensity/4
http://data.odeuropa.eu/smell/72592080-20ac-5139-80ef-b016264568ba,%5Eecrm_P140_assigned_attribute_to%20%2F%20ecrm_P141_assigned.csv,http://data.odeuropa.eu/attribute/penetrating_en
http://data.odeuropa.eu/smell/72592080-20ac-5139-80ef-b016264568ba,%5Eecrm_P140_assigned_attribute_to%20%2F%20ecrm_P141_assigned.csv,http://data.odeuropa.eu/attribute/camphoraceous_en
http://data.odeuropa.eu/smell/32aaddf5-e7b9-5251-8386-a05251a1a75d,%5Eecrm_P140_assigned_attribute_to%20%2F%20ecrm_P141_assigned.csv,http://data.odeuropa.eu/attribute/ethereal_en
http://data.odeuropa.eu/smell/69c01d42-fbee-518a-8b52-5efadc07f3d6,%5Eecrm_P140_assigned_attribute_to%20%2F%20ecrm_P141_assigned.csv,http://data.odeuropa.eu/attribute/odour_en
http://data.odeuropa.eu/smell/44472f5e-e98f-5ce3-9668-7756f1a3d499,%5Eecrm_P140_assigned_attribute_to%20%2F%20ecrm_P141_assigned.csv,http://data.odeuropa.eu/attribute/fetid_en
http://data.odeuropa.eu/smell/6701a4ca-72c4-5933-a4e9-3b5d93247fa3,%5Eecrm_P140_assigned_attribute_to%20%2F%20ecrm_P141_assigned.csv,http://data.odeuropa.eu/attribute/ill_en
http://data.odeuropa.eu/smell/91d40063-edc5-50be-a052-d58141913222,%5Eecrm_P140_assigned_attribute_to%20%2F%20ecrm_P141_assigned.csv,http://data.odeuropa.eu/attribute/smelling_en
http://data.odeuropa.eu/smell/91d40063-edc5-50be-a052-d58141913222,%5Eecrm_P140_assigned_attribute_to%20%2F%20ecrm_P141_assigned.csv,http://data.odeuropa.eu/vocabulary/vdi-intensity/4
http://data.odeuropa.eu/smell/9016f118-3884-5d6a-b49f-1961063cdf8a,%5Eecrm_P140_assigned_attribute_to%20%2F%20ecrm_P141_assigned.csv,http://data.odeuropa.eu/attribute/stinking_en
http://data.odeuropa.eu/smell/e9d9a306-bd5a-5ce9-a276-7179a30f9baa,%5Eecrm_P140_assigned_attribute_to%20%2F%20ecrm_P141_assigned.csv,http://data.odeuropa.eu/attribute/putrid_en
http://data.odeuropa.eu/smell/7a372d16-54da-566f-b79b-ef53628d1061,%5Eecrm_P140_assigned_attribute_to%20%2F%20ecrm_P141_assigned.csv,http://data.odeuropa.eu/attribute/unknown_en
http://data.odeuropa.eu/smell/7b67c8c0-ddb9-5962-8433-86968941c553,%5Eecrm_P140_assigned_attribute_to%20%2F%20ecrm_P141_assigned.csv,http://data.odeuropa.eu/vocabulary/vdi-intensity/4
http://data.odeuropa.eu/smell/0a29f4cb-3388-5364-bf37-d2cbbffd8887,%5Eecrm_P140_assigned_attribute_to%20%2F%20ecrm_P141_assigned.csv,http://data.odeuropa.eu/attribute/perfumed_en
http://data.odeuropa.eu/smell/0a29f4cb-3388-5364-bf37-d2cbbffd8887,%5Eecrm_P140_assigned_attribute_to%20%2F%20ecrm_P141_assigned.csv,http://data.odeuropa.eu/attribute/other_en
http://data.odeuropa.eu/smell/08f035f4-572e-539a-84e1-3d3482912d61,%5Eecrm_P140_assigned_attribute_to%20%2F%20ecrm_P141_assigned.csv,http://data.odeuropa.eu/attribute/odorous_en
http://data.odeuropa.eu/smell/bb2db6c9-08aa-5ca3-b6e0-ea91b2bc9381,%5Eecrm_P140_assigned_attribute_to%20%2F%20ecrm_P141_assigned.csv,http://data.odeuropa.eu/attribute/mere_en
http://data.odeuropa.eu/smell/e9abcd5f-ba47-5219-a576-83e8abd1dcb3,%5Eecrm_P140_assigned_attribute_to%20%2F%20ecrm_P141_assigned.csv,http://data.odeuropa.eu/attribute/smell_en
http://data.odeuropa.eu/smell/ef6bf2a0-de5b-59c9-be02-8dc287f901bc,%5Eecrm_P140_assigned_attribute_to%20%2F%20ecrm_P141_assigned.csv,http://data.odeuropa.eu/attribute/putrid_en
http://data.odeuropa.eu/smell/860326d9-74c5-50ba-a858-5d673150a1e9,%5Eecrm_P140_assigned_attribute_to%20%2F%20ecrm_P141_assigned.csv,http://data.odeuropa.eu/attribute/sickening_en
http://data.odeuropa.eu/smell/860326d9-74c5-50ba-a858-5d673150a1e9,%5Eecrm_P140_assigned_attribute_to%20%2F%20ecrm_P141_assigned.csv,http://data.odeuropa.eu/attribute/more%20distinctly%20acid_en
http://data.odeuropa.eu/smell/860326d9-74c5-50ba-a858-5d673150a1e9,%5Eecrm_P140_assigned_attribute_to%20%2F%20ecrm_P141_assigned.csv,http://data.odeuropa.eu/attribute/Two%20varieties%20of_en
http://data.odeuropa.eu/smell/bbb1a604-f500-5952-8ca4-5b51d3bf3b81,%5Eecrm_P140_assigned_attribute_to%20%2F%20ecrm_P141_assigned.csv,http://data.odeuropa.eu/attribute/powerful_en
http://data.odeuropa.eu/smell/06951232-9220-55cb-92b6-20e53230d389,%5Eecrm_P140_assigned_attribute_to%20%2F%20ecrm_P141_assigned.csv,http://data.odeuropa.eu/vocabulary/edwards/aromatic
http://data.odeuropa.eu/smell/164af3b6-2893-591c-a0df-2fc28247ec4d,%5Eecrm_P140_assigned_attribute_to%20%2F%20ecrm_P141_assigned.csv,http://data.odeuropa.eu/attribute/fetid_en
http://data.odeuropa.eu/smell/96807548-3349-5ab7-a45c-0e18b7a21f5c,%5Eecrm_P140_assigned_attribute_to%20%2F%20ecrm_P141_assigned.csv,http://data.odeuropa.eu/vocabulary/edwards/floral
http://data.odeuropa.eu/smell/96807548-3349-5ab7-a45c-0e18b7a21f5c,%5Eecrm_P140_assigned_attribute_to%20%2F%20ecrm_P141_assigned.csv,http://data.odeuropa.eu/vocabulary/vdi-hedonic/23p
http://data.odeuropa.eu/smell/a05589c5-3e2a-5457-8c97-217de4d2fce7,%5Eecrm_P140_assigned_attribute_to%20%2F%20ecrm_P141_assigned.csv,http://data.odeuropa.eu/attribute/putrid_en
http://data.odeuropa.eu/smell/a05589c5-3e2a-5457-8c97-217de4d2fce7,%5Eecrm_P140_assigned_attribute_to%20%2F%20ecrm_P141_assigned.csv,http://data.odeuropa.eu/attribute/sickening_en
http://data.odeuropa.eu/smell/489766a1-3e6e-5a78-b03e-b6927d0a8e18,%5Eecrm_P140_assigned_attribute_to%20%2F%20ecrm_P141_assigned.csv,http://data.odeuropa.eu/vocabulary/edwards/aromatic
http://data.odeuropa.eu/smell/694d2965-6f6e-5f4f-a718-1e31c938caf9,%5Eecrm_P140_assigned_attribute_to%20%2F%20ecrm_P141_assigned.csv,http://data.odeuropa.eu/vocabulary/edwards/aromatic
http://data.odeuropa.eu/smell/ade84f4f-befd-5e38-97e8-23bd9cf2ba75,%5Eecrm_P140_assigned_attribute_to%20%2F%20ecrm_P141_assigned.csv,http://data.odeuropa.eu/vocabulary/vdi-hedonic/05n
http://data.odeuropa.eu/smell/ade84f4f-befd-5e38-97e8-23bd9cf2ba75,%5Eecrm_P140_assigned_attribute_to%20%2F%20ecrm_P141_assigned.csv,http://data.odeuropa.eu/vocabulary/vdi-intensity/0
http://data.odeuropa.eu/smell/340154f4-63eb-5a84-868a-c99045b17c51,%5Eecrm_P140_assigned_attribute_to%20%2F%20ecrm_P141_assigned.csv,http://data.odeuropa.eu/attribute/odorous_en
http://data.odeuropa.eu/smell/59b4c125-3369-5329-b99f-5817a05df008,%5Eecrm_P140_assigned_attribute_to%20%2F%20ecrm_P141_assigned.csv,http://data.odeuropa.eu/attribute/Fetid_en
http://data.odeuropa.eu/smell/59b4c125-3369-5329-b99f-5817a05df008,%5Eecrm_P140_assigned_attribute_to%20%2F%20ecrm_P141_assigned.csv,http://data.odeuropa.eu/attribute/very_en
http://data.odeuropa.eu/smell/3a964d94-1083-5f62-806f-3e466adf737b,%5Eecrm_P140_assigned_attribute_to%20%2F%20ecrm_P141_assigned.csv,http://data.odeuropa.eu/vocabulary/vdi-intensity/4
http://data.odeuropa.eu/smell/1903d4f1-c83b-5eaa-a4b5-11f6eb7bc0fd,%5Eecrm_P140_assigned_attribute_to%20%2F%20ecrm_P141_assigned.csv,http://data.odeuropa.eu/attribute/such_en
http://data.odeuropa.eu/smell/a3f2a42d-2da8-5a91-838c-261a4b9fba2b,%5Eecrm_P140_assigned_attribute_to%20%2F%20ecrm_P141_assigned.csv,http://data.odeuropa.eu/attribute/beats%20both%20Benares%20and%20Peshawar_en
http://data.odeuropa.eu/smell/a3f2a42d-2da8-5a91-838c-261a4b9fba2b,%5Eecrm_P140_assigned_attribute_to%20%2F%20ecrm_P141_assigned.csv,http://data.odeuropa.eu/attribute/for%20diffused%20%2C%20soul-sickening%20expansiveness_en
http://data.odeuropa.eu/smell/b29205aa-4f9d-56c1-821c-16a83564963e,%5Eecrm_P140_assigned_attribute_to%20%2F%20ecrm_P141_assigned.csv,http://data.odeuropa.eu/attribute/very%20faint_en
http://data.odeuropa.eu/smell/8c11fa19-8eb5-572e-b5da-a437bc2f90c5,%5Eecrm_P140_assigned_attribute_to%20%2F%20ecrm_P141_assigned.csv,http://data.odeuropa.eu/attribute/noisome_en
http://data.odeuropa.eu/smell/499b1259-9dca-561d-b86d-5829d3bf3458,%5Eecrm_P140_assigned_attribute_to%20%2F%20ecrm_P141_assigned.csv,http://data.odeuropa.eu/vocabulary/edwards/aromatic
http://data.odeuropa.eu/smell/499b1259-9dca-561d-b86d-5829d3bf3458,%5Eecrm_P140_assigned_attribute_to%20%2F%20ecrm_P141_assigned.csv,http://data.odeuropa.eu/vocabulary/vdi-intensity/4
http://data.odeuropa.eu/smell/499b1259-9dca-561d-b86d-5829d3bf3458,%5Eecrm_P140_assigned_attribute_to%20%2F%20ecrm_P141_assigned.csv,http://data.odeuropa.eu/vocabulary/vdi-hedonic/11p
http://data.odeuropa.eu/smell/9bd06288-017e-5d36-b5a5-252c6ee22e53,%5Eecrm_P140_assigned_attribute_to%20%2F%20ecrm_P141_assigned.csv,http://data.odeuropa.eu/attribute/Fetid_en
http://data.odeuropa.eu/smell/9bd06288-017e-5d36-b5a5-252c6ee22e53,%5Eecrm_P140_assigned_attribute_to%20%2F%20ecrm_P141_assigned.csv,http://data.odeuropa.eu/attribute/very_en
http://data.odeuropa.eu/smell/7c0186e2-4f3b-5f88-b290-5b25a54d16b1,%5Eecrm_P140_assigned_attribute_to%20%2F%20ecrm_P141_assigned.csv,http://data.odeuropa.eu/attribute/peculiar_en
http://data.odeuropa.eu/smell/7c0186e2-4f3b-5f88-b290-5b25a54d16b1,%5Eecrm_P140_assigned_attribute_to%20%2F%20ecrm_P141_assigned.csv,http://data.odeuropa.eu/vocabulary/edwards/aromatic
http://data.odeuropa.eu/smell/7c0186e2-4f3b-5f88-b290-5b25a54d16b1,%5Eecrm_P140_assigned_attribute_to%20%2F%20ecrm_P141_assigned.csv,http://data.odeuropa.eu/attribute/penetrating_en
http://data.odeuropa.eu/smell/6b11d1e8-9843-5e4b-9fa9-3f0f61773c1f,%5Eecrm_P140_assigned_attribute_to%20%2F%20ecrm_P141_assigned.csv,http://data.odeuropa.eu/attribute/Fetid_en
http://data.odeuropa.eu/smell/4ab07dd2-ce02-595d-80dd-a6367a83513b,%5Eecrm_P140_assigned_attribute_to%20%2F%20ecrm_P141_assigned.csv,http://data.odeuropa.eu/vocabulary/edwards/aromatic
http://data.odeuropa.eu/smell/313f9830-23d4-5f2d-aa8e-bd91864952e6,%5Eecrm_P140_assigned_attribute_to%20%2F%20ecrm_P141_assigned.csv,http://data.odeuropa.eu/attribute/peculiar_en
http://data.odeuropa.eu/smell/313f9830-23d4-5f2d-aa8e-bd91864952e6,%5Eecrm_P140_assigned_attribute_to%20%2F%20ecrm_P141_assigned.csv,http://data.odeuropa.eu/attribute/vinous_en
http://data.odeuropa.eu/smell/66f6aa9f-ba22-5847-b336-a774da4b7f7f,%5Eecrm_P140_assigned_attribute_to%20%2F%20ecrm_P141_assigned.csv,http://data.odeuropa.eu/vocabulary/vdi-intensity/1
http://data.odeuropa.eu/smell/3e7169c7-b197-5a03-b972-326bbdc2bd49,%5Eecrm_P140_assigned_attribute_to%20%2F%20ecrm_P141_assigned.csv,http://data.odeuropa.eu/attribute/scented_en
http://data.odeuropa.eu/smell/3e7169c7-b197-5a03-b972-326bbdc2bd49,%5Eecrm_P140_assigned_attribute_to%20%2F%20ecrm_P141_assigned.csv,http://data.odeuropa.eu/vocabulary/vdi-intensity/4
http://data.odeuropa.eu/smell/a0a62e4d-e58d-5311-9f6e-9cd974646181,%5Eecrm_P140_assigned_attribute_to%20%2F%20ecrm_P141_assigned.csv,http://data.odeuropa.eu/attribute/pestilential_en
http://data.odeuropa.eu/smell/556cb127-4549-508a-8d11-84af198b4865,%5Eecrm_P140_assigned_attribute_to%20%2F%20ecrm_P141_assigned.csv,http://data.odeuropa.eu/attribute/luscious_en
http://data.odeuropa.eu/smell/556cb127-4549-508a-8d11-84af198b4865,%5Eecrm_P140_assigned_attribute_to%20%2F%20ecrm_P141_assigned.csv,http://data.odeuropa.eu/attribute/washy_en
http://data.odeuropa.eu/smell/d1606aca-facf-535c-a22a-b7929cc1c152,%5Eecrm_P140_assigned_attribute_to%20%2F%20ecrm_P141_assigned.csv,http://data.odeuropa.eu/attribute/worst_en
http://data.odeuropa.eu/smell/e397feca-ee07-51b6-9894-bbbb7a54cea4,%5Eecrm_P140_assigned_attribute_to%20%2F%20ecrm_P141_assigned.csv,http://data.odeuropa.eu/vocabulary/vdi-hedonic/19n
http://data.odeuropa.eu/smell/d4426b6c-41cb-5611-aec5-031fb0183ac1,%5Eecrm_P140_assigned_attribute_to%20%2F%20ecrm_P141_assigned.csv,http://data.odeuropa.eu/attribute/faetid_en
http://data.odeuropa.eu/smell/d4426b6c-41cb-5611-aec5-031fb0183ac1,%5Eecrm_P140_assigned_attribute_to%20%2F%20ecrm_P141_assigned.csv,http://data.odeuropa.eu/vocabulary/vdi-intensity/4
http://data.odeuropa.eu/smell/3697fe98-e465-5438-8a13-4c3cfc53fc6f,%5Eecrm_P140_assigned_attribute_to%20%2F%20ecrm_P141_assigned.csv,http://data.odeuropa.eu/vocabulary/vdi-intensity/4
http://data.odeuropa.eu/smell/d55b7c5a-3ba1-522a-8981-732563608849,%5Eecrm_P140_assigned_attribute_to%20%2F%20ecrm_P141_assigned.csv,http://data.odeuropa.eu/attribute/worse%20than%20that%20of%20a%20privy_en
http://data.odeuropa.eu/smell/0f99b4ec-9b9c-5aec-a1bf-c5da67b75e9c,%5Eecrm_P140_assigned_attribute_to%20%2F%20ecrm_P141_assigned.csv,http://data.odeuropa.eu/attribute/very%20characteristic_en
http://data.odeuropa.eu/smell/0f99b4ec-9b9c-5aec-a1bf-c5da67b75e9c,%5Eecrm_P140_assigned_attribute_to%20%2F%20ecrm_P141_assigned.csv,http://data.odeuropa.eu/attribute/faecal_en
http://data.odeuropa.eu/smell/54c03ce4-2f07-52d3-a37f-802f699e6483,%5Eecrm_P140_assigned_attribute_to%20%2F%20ecrm_P141_assigned.csv,http://data.odeuropa.eu/vocabulary/vdi-intensity/4
http://data.odeuropa.eu/smell/3a95a4e3-3d27-55c1-abc9-b992562d4a35,%5Eecrm_P140_assigned_attribute_to%20%2F%20ecrm_P141_assigned.csv,http://data.odeuropa.eu/attribute/putrid_en
http://data.odeuropa.eu/smell/c5158191-6fdc-5b48-a66d-40c029c8b07f,%5Eecrm_P140_assigned_attribute_to%20%2F%20ecrm_P141_assigned.csv,http://data.odeuropa.eu/vocabulary/edwards/aromatic
http://data.odeuropa.eu/smell/c31611a4-3729-5eed-94d0-35f20adb7c53,%5Eecrm_P140_assigned_attribute_to%20%2F%20ecrm_P141_assigned.csv,http://data.odeuropa.eu/attribute/noisome_en
http://data.odeuropa.eu/smell/7d83a35e-af6a-521a-820b-e6bc98166d16,%5Eecrm_P140_assigned_attribute_to%20%2F%20ecrm_P141_assigned.csv,http://data.odeuropa.eu/vocabulary/vdi-intensity/4
http://data.odeuropa.eu/smell/5deea27e-2cd1-5e8f-b005-ba9fb082a510,%5Eecrm_P140_assigned_attribute_to%20%2F%20ecrm_P141_assigned.csv,http://data.odeuropa.eu/vocabulary/vdi-hedonic/11p
http://data.odeuropa.eu/smell/f3aea981-8c1d-5368-8697-261f5113170d,%5Eecrm_P140_assigned_attribute_to%20%2F%20ecrm_P141_assigned.csv,http://data.odeuropa.eu/attribute/stinking_en
http://data.odeuropa.eu/smell/02b6c4b7-ebf0-50be-ae60-07636f482840,%5Eecrm_P140_assigned_attribute_to%20%2F%20ecrm_P141_assigned.csv,http://data.odeuropa.eu/attribute/natural_en
http://data.odeuropa.eu/smell/02b6c4b7-ebf0-50be-ae60-07636f482840,%5Eecrm_P140_assigned_attribute_to%20%2F%20ecrm_P141_assigned.csv,http://data.odeuropa.eu/attribute/much%20more%20supportable_en
http://data.odeuropa.eu/smell/95039b68-5eb7-5531-8d02-72eac871bb82,od_F2_perceived.csv,http://data.odeuropa.eu/smell/95039b68-5eb7-5531-8d02-72eac871bb82
http://data.odeuropa.eu/smell/b248154f-e6fb-5ffd-b536-413c9002246d,od_F2_perceived.csv,http://data.odeuropa.eu/smell/b248154f-e6fb-5ffd-b536-413c9002246d
http://data.odeuropa.eu/smell/37b1a4a7-b6af-50f5-8945-ff688279d865,od_F2_perceived.csv,http://data.odeuropa.eu/smell/37b1a4a7-b6af-50f5-8945-ff688279d865
http://data.odeuropa.eu/smell/9c62455b-14a9-5ea8-8d24-9dfbecf50514,od_F2_perceived.csv,http://data.odeuropa.eu/smell/9c62455b-14a9-5ea8-8d24-9dfbecf50514
http://data.odeuropa.eu/smell/f48fc977-e75f-5916-9462-57e4bcf0279b,od_F2_perceived.csv,http://data.odeuropa.eu/smell/f48fc977-e75f-5916-9462-57e4bcf0279b
http://data.odeuropa.eu/smell/2cd5fe6a-f7c7-5517-8f6c-4ba85b924ccd,od_F2_perceived.csv,http://data.odeuropa.eu/smell/2cd5fe6a-f7c7-5517-8f6c-4ba85b924ccd
http://data.odeuropa.eu/smell/cf6df0b6-a482-5c5f-9ddd-6adad0f7e476,od_F2_perceived.csv,http://data.odeuropa.eu/smell/cf6df0b6-a482-5c5f-9ddd-6adad0f7e476
http://data.odeuropa.eu/smell/a3f2a42d-2da8-5a91-838c-261a4b9fba2b,od_F2_perceived.csv,http://data.odeuropa.eu/smell/a3f2a42d-2da8-5a91-838c-261a4b9fba2b
http://data.odeuropa.eu/smell/a31d4aad-0e9d-5f6b-aa24-1a8a2615b67a,od_F2_perceived.csv,http://data.odeuropa.eu/smell/a31d4aad-0e9d-5f6b-aa24-1a8a2615b67a
http://data.odeuropa.eu/smell/cb7b7838-2d8b-5338-9c7b-58792829d1a1,od_F2_perceived.csv,http://data.odeuropa.eu/smell/cb7b7838-2d8b-5338-9c7b-58792829d1a1
http://data.odeuropa.eu/smell/45f95062-7f8e-5d41-8505-ab309ca01d2f,od_F2_perceived.csv,http://data.odeuropa.eu/smell/45f95062-7f8e-5d41-8505-ab309ca01d2f
http://data.odeuropa.eu/smell/26692846-ef77-550b-a8e8-d1a4410cb70a,od_F2_perceived.csv,http://data.odeuropa.eu/smell/26692846-ef77-550b-a8e8-d1a4410cb70a
http://data.odeuropa.eu/smell/af34a784-80d2-5c91-95fd-4eca3c6a828e,od_F2_perceived.csv,http://data.odeuropa.eu/smell/af34a784-80d2-5c91-95fd-4eca3c6a828e
http://data.odeuropa.eu/smell/79a4d97b-3f65-543b-be81-f8b6f489ec81,od_F2_perceived.csv,http://data.odeuropa.eu/smell/79a4d97b-3f65-543b-be81-f8b6f489ec81
http://data.odeuropa.eu/smell/e14e6fe3-a529-5f51-997e-f86ea43c043c,od_F2_perceived.csv,http://data.odeuropa.eu/smell/e14e6fe3-a529-5f51-997e-f86ea43c043c
http://data.odeuropa.eu/smell/bc74fb11-d1d7-5b0d-b7a9-1b43dfc037ab,od_F2_perceived.csv,http://data.odeuropa.eu/smell/bc74fb11-d1d7-5b0d-b7a9-1b43dfc037ab
http://data.odeuropa.eu/smell/5e8ffc6e-d9f0-5f84-be16-2a2b5f426b61,od_F2_perceived.csv,http://data.odeuropa.eu/smell/5e8ffc6e-d9f0-5f84-be16-2a2b5f426b61
http://data.odeuropa.eu/smell/3d1f2a53-9981-57f2-bf56-1d0e2626c515,od_F2_perceived.csv,http://data.odeuropa.eu/smell/3d1f2a53-9981-57f2-bf56-1d0e2626c515
http://data.odeuropa.eu/smell/b29205aa-4f9d-56c1-821c-16a83564963e,od_F2_perceived.csv,http://data.odeuropa.eu/smell/b29205aa-4f9d-56c1-821c-16a83564963e
http://data.odeuropa.eu/smell/08f431df-ea49-5127-9cfa-5cba2d630078,od_F2_perceived.csv,http://data.odeuropa.eu/smell/08f431df-ea49-5127-9cfa-5cba2d630078
http://data.odeuropa.eu/smell/99c810c0-46a8-5bf0-a328-7c7e174ff711,od_F2_perceived.csv,http://data.odeuropa.eu/smell/99c810c0-46a8-5bf0-a328-7c7e174ff711
http://data.odeuropa.eu/smell/ace9e87e-4d2c-58a0-b365-4b26ffefeacd,od_F2_perceived.csv,http://data.odeuropa.eu/smell/ace9e87e-4d2c-58a0-b365-4b26ffefeacd
http://data.odeuropa.eu/smell/ad4d43bb-3dde-5d1d-9fb8-8ddd2d633f0f,od_F2_perceived.csv,http://data.odeuropa.eu/smell/ad4d43bb-3dde-5d1d-9fb8-8ddd2d633f0f
http://data.odeuropa.eu/smell/9e496038-e2f1-5f1b-b32f-cba503adb9f8,od_F2_perceived.csv,http://data.odeuropa.eu/smell/9e496038-e2f1-5f1b-b32f-cba503adb9f8
http://data.odeuropa.eu/smell/6657c430-a27b-5c34-a74b-0838d1a76a05,od_F2_perceived.csv,http://data.odeuropa.eu/smell/6657c430-a27b-5c34-a74b-0838d1a76a05
http://data.odeuropa.eu/smell/e1fe18e8-9045-5084-ba2f-c6d9974b4a65,od_F2_perceived.csv,http://data.odeuropa.eu/smell/e1fe18e8-9045-5084-ba2f-c6d9974b4a65
http://data.odeuropa.eu/smell/2bdfe4d3-36ec-5a82-afe7-39806e5ef053,od_F2_perceived.csv,http://data.odeuropa.eu/smell/2bdfe4d3-36ec-5a82-afe7-39806e5ef053
http://data.odeuropa.eu/smell/855cb232-1995-5679-ba77-32acaa3f2b04,od_F2_perceived.csv,http://data.odeuropa.eu/smell/855cb232-1995-5679-ba77-32acaa3f2b04
http://data.odeuropa.eu/smell/e397feca-ee07-51b6-9894-bbbb7a54cea4,od_F2_perceived.csv,http://data.odeuropa.eu/smell/e397feca-ee07-51b6-9894-bbbb7a54cea4
http://data.odeuropa.eu/smell/e254cd0e-6c52-5c9d-99e8-021aefa7b0c4,od_F2_perceived.csv,http://data.odeuropa.eu/smell/e254cd0e-6c52-5c9d-99e8-021aefa7b0c4
http://data.odeuropa.eu/smell/8a74beee-cbab-5adc-8108-f09fb95cece0,od_F2_perceived.csv,http://data.odeuropa.eu/smell/8a74beee-cbab-5adc-8108-f09fb95cece0
http://data.odeuropa.eu/smell/e3abcb2b-0105-505c-b289-cb2c17590d9a,od_F2_perceived.csv,http://data.odeuropa.eu/smell/e3abcb2b-0105-505c-b289-cb2c17590d9a
http://data.odeuropa.eu/smell/fd863530-635b-51c8-8ed2-db0f31f8616a,od_F2_perceived.csv,http://data.odeuropa.eu/smell/fd863530-635b-51c8-8ed2-db0f31f8616a
http://data.odeuropa.eu/smell/d5d388ba-392a-50d7-9665-440f5bbcf394,od_F2_perceived.csv,http://data.odeuropa.eu/smell/d5d388ba-392a-50d7-9665-440f5bbcf394
http://data.odeuropa.eu/smell/9a24eb7c-29c3-5da6-abec-5823883eac5e,od_F2_perceived.csv,http://data.odeuropa.eu/smell/9a24eb7c-29c3-5da6-abec-5823883eac5e
http://data.odeuropa.eu/smell/1c403e0c-9a55-5d86-85fd-2337941b3832,od_F2_perceived.csv,http://data.odeuropa.eu/smell/1c403e0c-9a55-5d86-85fd-2337941b3832
http://data.odeuropa.eu/smell/6976a379-0c55-5e4d-9540-a7608344f603,od_F2_perceived.csv,http://data.odeuropa.eu/smell/6976a379-0c55-5e4d-9540-a7608344f603
http://data.odeuropa.eu/smell/73a82ade-49a5-5b55-8a7d-8c57cdde5511,od_F2_perceived.csv,http://data.odeuropa.eu/smell/73a82ade-49a5-5b55-8a7d-8c57cdde5511
http://data.odeuropa.eu/smell/5e51ab0f-b577-5788-9915-3333588d507e,od_F2_perceived.csv,http://data.odeuropa.eu/smell/5e51ab0f-b577-5788-9915-3333588d507e
http://data.odeuropa.eu/smell/d7b4a084-0124-51b4-8ea3-9dff8bf9392c,od_F2_perceived.csv,http://data.odeuropa.eu/smell/d7b4a084-0124-51b4-8ea3-9dff8bf9392c
http://data.odeuropa.eu/smell/fc12094d-b5e5-5eb7-a472-5b0b0c80d765,od_F2_perceived.csv,http://data.odeuropa.eu/smell/fc12094d-b5e5-5eb7-a472-5b0b0c80d765
http://data.odeuropa.eu/smell/0bfafacf-baac-5cd6-b862-cece0bb1c60d,od_F2_perceived.csv,http://data.odeuropa.eu/smell/0bfafacf-baac-5cd6-b862-cece0bb1c60d
http://data.odeuropa.eu/smell/ce52010f-c958-50ef-9a2c-4fe6dd1fdf04,od_F2_perceived.csv,http://data.odeuropa.eu/smell/ce52010f-c958-50ef-9a2c-4fe6dd1fdf04
http://data.odeuropa.eu/smell/a611aee6-d5f1-579d-8354-05b4aae7c5fd,od_F2_perceived.csv,http://data.odeuropa.eu/smell/a611aee6-d5f1-579d-8354-05b4aae7c5fd
http://data.odeuropa.eu/smell/1621ef71-b897-5204-9cba-da62d117ed87,od_F2_perceived.csv,http://data.odeuropa.eu/smell/1621ef71-b897-5204-9cba-da62d117ed87
http://data.odeuropa.eu/smell/a640da70-2f0d-54ee-8979-31aa65abb3aa,od_F2_perceived.csv,http://data.odeuropa.eu/smell/a640da70-2f0d-54ee-8979-31aa65abb3aa
http://data.odeuropa.eu/smell/d2ea6d02-c538-53c5-95e8-f97e79625b32,od_F2_perceived.csv,http://data.odeuropa.eu/smell/d2ea6d02-c538-53c5-95e8-f97e79625b32
http://data.odeuropa.eu/smell/2d14a437-d768-508c-8e4b-4bcfb253c9ae,od_F2_perceived.csv,http://data.odeuropa.eu/smell/2d14a437-d768-508c-8e4b-4bcfb253c9ae
http://data.odeuropa.eu/smell/d847b43f-eb2d-5028-b02d-02d9ca0564fe,od_F2_perceived.csv,http://data.odeuropa.eu/smell/d847b43f-eb2d-5028-b02d-02d9ca0564fe
http://data.odeuropa.eu/smell/6b0d7a9c-ae9f-5989-803c-815e5a82fc4e,od_F2_perceived.csv,http://data.odeuropa.eu/smell/6b0d7a9c-ae9f-5989-803c-815e5a82fc4e
http://data.odeuropa.eu/smell/9a2700f8-06ff-5b70-ac39-a8e073485509,od_F2_perceived.csv,http://data.odeuropa.eu/smell/9a2700f8-06ff-5b70-ac39-a8e073485509
http://data.odeuropa.eu/smell/36bf3f73-96de-5c8b-970b-cd07dcdab44a,od_F2_perceived.csv,http://data.odeuropa.eu/smell/36bf3f73-96de-5c8b-970b-cd07dcdab44a
http://data.odeuropa.eu/smell/659a7498-d601-57a8-a792-f8da995f7f95,od_F2_perceived.csv,http://data.odeuropa.eu/smell/659a7498-d601-57a8-a792-f8da995f7f95
http://data.odeuropa.eu/smell/985719c2-5a94-5b82-b585-311181fd1d62,od_F2_perceived.csv,http://data.odeuropa.eu/smell/985719c2-5a94-5b82-b585-311181fd1d62
http://data.odeuropa.eu/smell/48bcb6fa-1bd9-5d7b-af4b-041f61d69905,od_F2_perceived.csv,http://data.odeuropa.eu/smell/48bcb6fa-1bd9-5d7b-af4b-041f61d69905
http://data.odeuropa.eu/smell/a78e90a4-d669-5233-b11c-0fee3f2f5ce7,od_F2_perceived.csv,http://data.odeuropa.eu/smell/a78e90a4-d669-5233-b11c-0fee3f2f5ce7
http://data.odeuropa.eu/smell/6dd8a9c7-e076-51b2-a061-58e62f2790a4,od_F2_perceived.csv,http://data.odeuropa.eu/smell/6dd8a9c7-e076-51b2-a061-58e62f2790a4
http://data.odeuropa.eu/smell/76679cee-244a-5138-b2c4-79aecbd4ff7b,od_F2_perceived.csv,http://data.odeuropa.eu/smell/76679cee-244a-5138-b2c4-79aecbd4ff7b
http://data.odeuropa.eu/smell/442a7ada-7c3c-582a-bc8e-c5ac4cde9cfb,od_F2_perceived.csv,http://data.odeuropa.eu/smell/442a7ada-7c3c-582a-bc8e-c5ac4cde9cfb
http://data.odeuropa.eu/smell/d442c8d1-da0a-5441-8cc6-f8cd43b624dc,od_F2_perceived.csv,http://data.odeuropa.eu/smell/d442c8d1-da0a-5441-8cc6-f8cd43b624dc
http://data.odeuropa.eu/smell/fd530233-c82b-5bb7-b921-f3aa83b3ec23,od_F2_perceived.csv,http://data.odeuropa.eu/smell/fd530233-c82b-5bb7-b921-f3aa83b3ec23
http://data.odeuropa.eu/smell/1826f6a5-098d-5987-9a6f-824782f292e7,od_F2_perceived.csv,http://data.odeuropa.eu/smell/1826f6a5-098d-5987-9a6f-824782f292e7
http://data.odeuropa.eu/smell/c4a535cc-7390-54a9-9d4b-35ddb3b27ff5,od_F2_perceived.csv,http://data.odeuropa.eu/smell/c4a535cc-7390-54a9-9d4b-35ddb3b27ff5
http://data.odeuropa.eu/smell/d6582d79-d7b7-5108-beb1-cb2bf7298d0f,od_F2_perceived.csv,http://data.odeuropa.eu/smell/d6582d79-d7b7-5108-beb1-cb2bf7298d0f
http://data.odeuropa.eu/smell/0bece18c-6616-5499-8e39-5ea404c277a8,od_F2_perceived.csv,http://data.odeuropa.eu/smell/0bece18c-6616-5499-8e39-5ea404c277a8
http://data.odeuropa.eu/smell/ce84edf7-d328-5f1c-9e16-4161d68d424a,od_F2_perceived.csv,http://data.odeuropa.eu/smell/ce84edf7-d328-5f1c-9e16-4161d68d424a
http://data.odeuropa.eu/smell/aec9592e-f1d4-5da7-8019-015727b72267,od_F2_perceived.csv,http://data.odeuropa.eu/smell/aec9592e-f1d4-5da7-8019-015727b72267
http://data.odeuropa.eu/smell/e9da5337-8606-578a-bb7b-e31e144a2c34,od_F2_perceived.csv,http://data.odeuropa.eu/smell/e9da5337-8606-578a-bb7b-e31e144a2c34
http://data.odeuropa.eu/smell/266019d9-637e-5a74-a120-f778da273b7a,od_F2_perceived.csv,http://data.odeuropa.eu/smell/266019d9-637e-5a74-a120-f778da273b7a
http://data.odeuropa.eu/smell/72592080-20ac-5139-80ef-b016264568ba,od_F2_perceived.csv,http://data.odeuropa.eu/smell/72592080-20ac-5139-80ef-b016264568ba
http://data.odeuropa.eu/smell/45360aff-c5a8-5be9-b9f2-676da854648c,od_F2_perceived.csv,http://data.odeuropa.eu/smell/45360aff-c5a8-5be9-b9f2-676da854648c
http://data.odeuropa.eu/smell/350d6863-32e5-5513-88ea-6757fe7f2c21,od_F2_perceived.csv,http://data.odeuropa.eu/smell/350d6863-32e5-5513-88ea-6757fe7f2c21
http://data.odeuropa.eu/smell/99b577f1-72b0-5318-ac47-0ffa236ae4f3,od_F2_perceived.csv,http://data.odeuropa.eu/smell/99b577f1-72b0-5318-ac47-0ffa236ae4f3
http://data.odeuropa.eu/smell/8a9c60f2-be18-579b-a591-b0506e997083,od_F2_perceived.csv,http://data.odeuropa.eu/smell/8a9c60f2-be18-579b-a591-b0506e997083
http://data.odeuropa.eu/smell/03f900c1-052f-5bb9-8295-fc250eaa0f46,od_F2_perceived.csv,http://data.odeuropa.eu/smell/03f900c1-052f-5bb9-8295-fc250eaa0f46
http://data.odeuropa.eu/smell/783b55db-998b-5a24-ba03-de67a9e654f4,od_F2_perceived.csv,http://data.odeuropa.eu/smell/783b55db-998b-5a24-ba03-de67a9e654f4
http://data.odeuropa.eu/smell/5806cd2c-fc18-56f9-a5cb-43fc12af2ecc,od_F2_perceived.csv,http://data.odeuropa.eu/smell/5806cd2c-fc18-56f9-a5cb-43fc12af2ecc
http://data.odeuropa.eu/smell/2e00261b-efff-565a-9b20-14b2b6bbba73,od_F2_perceived.csv,http://data.odeuropa.eu/smell/2e00261b-efff-565a-9b20-14b2b6bbba73
http://data.odeuropa.eu/smell/3300d1ee-89a6-549a-8fa2-eb44c51984fe,od_F2_perceived.csv,http://data.odeuropa.eu/smell/3300d1ee-89a6-549a-8fa2-eb44c51984fe
http://data.odeuropa.eu/smell/358a14b4-42e9-57e1-80a3-e9b60e1871aa,od_F2_perceived.csv,http://data.odeuropa.eu/smell/358a14b4-42e9-57e1-80a3-e9b60e1871aa
http://data.odeuropa.eu/smell/464135ae-aed3-537f-ab56-3b075d60abd4,od_F2_perceived.csv,http://data.odeuropa.eu/smell/464135ae-aed3-537f-ab56-3b075d60abd4
http://data.odeuropa.eu/smell/e1e45dab-cb7e-57df-a77d-ebc98d7febad,od_F2_perceived.csv,http://data.odeuropa.eu/smell/e1e45dab-cb7e-57df-a77d-ebc98d7febad
http://data.odeuropa.eu/smell/d7242691-c9a6-5e28-9bbf-40879dad4117,od_F2_perceived.csv,http://data.odeuropa.eu/smell/d7242691-c9a6-5e28-9bbf-40879dad4117
http://data.odeuropa.eu/smell/99b23359-d18f-5793-bdfa-eecdecd89eae,od_F2_perceived.csv,http://data.odeuropa.eu/smell/99b23359-d18f-5793-bdfa-eecdecd89eae
http://data.odeuropa.eu/smell/a34f1feb-0d38-5534-8098-da2df7c1f701,od_F2_perceived.csv,http://data.odeuropa.eu/smell/a34f1feb-0d38-5534-8098-da2df7c1f701
http://data.odeuropa.eu/smell/d2699499-540f-5fcc-a10c-671e300b30c9,od_F2_perceived.csv,http://data.odeuropa.eu/smell/d2699499-540f-5fcc-a10c-671e300b30c9
http://data.odeuropa.eu/smell/eb2fe869-c2c8-5867-81b2-86c9f75e85bc,od_F2_perceived.csv,http://data.odeuropa.eu/smell/eb2fe869-c2c8-5867-81b2-86c9f75e85bc
http://data.odeuropa.eu/smell/45c0e1ac-67f9-5914-836b-f00146315a1f,od_F2_perceived.csv,http://data.odeuropa.eu/smell/45c0e1ac-67f9-5914-836b-f00146315a1f
http://data.odeuropa.eu/smell/5aff3dfa-1f4d-5b08-a067-c1fd3048146f,od_F2_perceived.csv,http://data.odeuropa.eu/smell/5aff3dfa-1f4d-5b08-a067-c1fd3048146f
http://data.odeuropa.eu/smell/39da2118-d298-5bd4-8e1a-d61bd2e970c9,od_F2_perceived.csv,http://data.odeuropa.eu/smell/39da2118-d298-5bd4-8e1a-d61bd2e970c9
http://data.odeuropa.eu/smell/5b2fffe3-4100-52a8-9538-5aef1eaebb9d,od_F2_perceived.csv,http://data.odeuropa.eu/smell/5b2fffe3-4100-52a8-9538-5aef1eaebb9d
http://data.odeuropa.eu/smell/f6c36b33-08b9-5390-a52e-1f2725fa450b,od_F2_perceived.csv,http://data.odeuropa.eu/smell/f6c36b33-08b9-5390-a52e-1f2725fa450b
http://data.odeuropa.eu/smell/21628ae1-3dd3-50d9-acea-fa919f90006c,od_F2_perceived.csv,http://data.odeuropa.eu/smell/21628ae1-3dd3-50d9-acea-fa919f90006c
http://data.odeuropa.eu/smell/db81f215-c951-500e-b1a0-88684394a2dc,od_F2_perceived.csv,http://data.odeuropa.eu/smell/db81f215-c951-500e-b1a0-88684394a2dc
http://data.odeuropa.eu/smell/6e5e5462-ca0a-52ed-b50f-431a09698d05,od_F2_perceived.csv,http://data.odeuropa.eu/smell/6e5e5462-ca0a-52ed-b50f-431a09698d05
http://data.odeuropa.eu/smell/dc78c5f4-5f52-5329-ba75-7c87ff61dcbd,od_F2_perceived.csv,http://data.odeuropa.eu/smell/dc78c5f4-5f52-5329-ba75-7c87ff61dcbd
http://data.odeuropa.eu/smell/e96be8c3-adf7-5a59-8346-77982337b4fb,od_F2_perceived.csv,http://data.odeuropa.eu/smell/e96be8c3-adf7-5a59-8346-77982337b4fb
http://data.odeuropa.eu/smell/41ea9e26-e959-5fe1-b138-172a761875a0,od_F2_perceived.csv,http://data.odeuropa.eu/smell/41ea9e26-e959-5fe1-b138-172a761875a0
http://data.odeuropa.eu/smell/1260fbc8-e4f3-5d86-b531-4e2e216d46ca,od_F2_perceived.csv,http://data.odeuropa.eu/smell/1260fbc8-e4f3-5d86-b531-4e2e216d46ca
http://data.odeuropa.eu/smell/d2d0a737-7a2e-544a-a998-457f95ada305,od_F2_perceived.csv,http://data.odeuropa.eu/smell/d2d0a737-7a2e-544a-a998-457f95ada305
http://data.odeuropa.eu/smell/2fba1574-7508-555e-b46f-737af315a9d5,od_F1_generated.csv,http://data.odeuropa.eu/smell/2fba1574-7508-555e-b46f-737af315a9d5
http://data.odeuropa.eu/smell/5621a560-e40a-517a-85df-17e3a8f50cc3,od_F1_generated.csv,http://data.odeuropa.eu/smell/5621a560-e40a-517a-85df-17e3a8f50cc3
http://data.odeuropa.eu/smell/684459c0-3d4f-532e-b82e-95501a33a200,od_F1_generated.csv,http://data.odeuropa.eu/smell/684459c0-3d4f-532e-b82e-95501a33a200
http://data.odeuropa.eu/smell/181fedd8-da86-5bf9-b7b9-cb67c7054ea7,od_F1_generated.csv,http://data.odeuropa.eu/smell/181fedd8-da86-5bf9-b7b9-cb67c7054ea7
http://data.odeuropa.eu/smell/28b5580a-3e4e-5fb5-b23e-8e567d4aa6fa,od_F1_generated.csv,http://data.odeuropa.eu/smell/28b5580a-3e4e-5fb5-b23e-8e567d4aa6fa
http://data.odeuropa.eu/smell/66b4a092-5d82-543d-b132-daad2c8fdebb,od_F1_generated.csv,http://data.odeuropa.eu/smell/66b4a092-5d82-543d-b132-daad2c8fdebb
http://data.odeuropa.eu/smell/268fdb11-b018-5f7b-b625-f871a0a52e1e,od_F1_generated.csv,http://data.odeuropa.eu/smell/268fdb11-b018-5f7b-b625-f871a0a52e1e
http://data.odeuropa.eu/smell/4bd2ecf5-11e5-5c9e-94b3-77fe29ef406f,od_F1_generated.csv,http://data.odeuropa.eu/smell/4bd2ecf5-11e5-5c9e-94b3-77fe29ef406f
http://data.odeuropa.eu/smell/f1cbade5-1302-5dd9-917e-e28eafb093e3,od_F1_generated.csv,http://data.odeuropa.eu/smell/f1cbade5-1302-5dd9-917e-e28eafb093e3
http://data.odeuropa.eu/smell/8279e616-1f65-50bd-b9fd-c21e44073b20,od_F1_generated.csv,http://data.odeuropa.eu/smell/8279e616-1f65-50bd-b9fd-c21e44073b20
http://data.odeuropa.eu/smell/597b41d3-0e63-52f2-bec1-57b20b33e1ac,od_F1_generated.csv,http://data.odeuropa.eu/smell/597b41d3-0e63-52f2-bec1-57b20b33e1ac
http://data.odeuropa.eu/smell/36280e43-c1f7-5372-988f-ba8376ad4374,od_F1_generated.csv,http://data.odeuropa.eu/smell/36280e43-c1f7-5372-988f-ba8376ad4374
http://data.odeuropa.eu/smell/b72b4138-92ca-59bb-b774-c0a9836cf45b,od_F1_generated.csv,http://data.odeuropa.eu/smell/b72b4138-92ca-59bb-b774-c0a9836cf45b
http://data.odeuropa.eu/smell/7a372d16-54da-566f-b79b-ef53628d1061,od_F1_generated.csv,http://data.odeuropa.eu/smell/7a372d16-54da-566f-b79b-ef53628d1061
http://data.odeuropa.eu/smell/433dd3a6-b8d4-5a3f-af41-73ea11ccdd10,od_F1_generated.csv,http://data.odeuropa.eu/smell/433dd3a6-b8d4-5a3f-af41-73ea11ccdd10
http://data.odeuropa.eu/smell/a54a9073-b81a-5789-a8de-2c8e5a446241,od_F1_generated.csv,http://data.odeuropa.eu/smell/a54a9073-b81a-5789-a8de-2c8e5a446241
http://data.odeuropa.eu/smell/b417531a-d03f-5740-b171-7a8d3ca4ac6e,od_F1_generated.csv,http://data.odeuropa.eu/smell/b417531a-d03f-5740-b171-7a8d3ca4ac6e
http://data.odeuropa.eu/smell/73dc381b-de67-55ae-980c-ad7a41a85ee4,od_F1_generated.csv,http://data.odeuropa.eu/smell/73dc381b-de67-55ae-980c-ad7a41a85ee4
http://data.odeuropa.eu/smell/8fbbbc1b-ef43-5c53-a18e-0ea12b5328f9,od_F1_generated.csv,http://data.odeuropa.eu/smell/8fbbbc1b-ef43-5c53-a18e-0ea12b5328f9
http://data.odeuropa.eu/smell/818f1462-5e75-5617-baa1-94564d930e38,od_F1_generated.csv,http://data.odeuropa.eu/smell/818f1462-5e75-5617-baa1-94564d930e38
http://data.odeuropa.eu/smell/7471ad33-6bf6-5a16-973f-425940ca77f4,od_F1_generated.csv,http://data.odeuropa.eu/smell/7471ad33-6bf6-5a16-973f-425940ca77f4
http://data.odeuropa.eu/smell/4965a05f-ad09-51e9-ac45-38d302625126,od_F1_generated.csv,http://data.odeuropa.eu/smell/4965a05f-ad09-51e9-ac45-38d302625126
http://data.odeuropa.eu/smell/c2c8d896-6217-587a-93e0-745a576cfd72,od_F1_generated.csv,http://data.odeuropa.eu/smell/c2c8d896-6217-587a-93e0-745a576cfd72
http://data.odeuropa.eu/smell/c1dd8d3d-9ff5-5336-80c9-d901db0b0641,od_F1_generated.csv,http://data.odeuropa.eu/smell/c1dd8d3d-9ff5-5336-80c9-d901db0b0641
http://data.odeuropa.eu/smell/9392f728-1049-57d3-87a2-8c11232e9f35,od_F1_generated.csv,http://data.odeuropa.eu/smell/9392f728-1049-57d3-87a2-8c11232e9f35
http://data.odeuropa.eu/smell/20d4cd9a-ef87-5268-bebb-b88c44d27567,od_F1_generated.csv,http://data.odeuropa.eu/smell/20d4cd9a-ef87-5268-bebb-b88c44d27567
http://data.odeuropa.eu/smell/340154f4-63eb-5a84-868a-c99045b17c51,od_F1_generated.csv,http://data.odeuropa.eu/smell/340154f4-63eb-5a84-868a-c99045b17c51
http://data.odeuropa.eu/smell/6e029664-3775-5b58-b0e1-d3f23815fb00,od_F1_generated.csv,http://data.odeuropa.eu/smell/6e029664-3775-5b58-b0e1-d3f23815fb00
http://data.odeuropa.eu/smell/3b42d88d-a031-5907-8a9f-d9ada66d9659,od_F1_generated.csv,http://data.odeuropa.eu/smell/3b42d88d-a031-5907-8a9f-d9ada66d9659
http://data.odeuropa.eu/smell/5d38287b-cb59-5c86-b81c-f6f092cb936e,od_F1_generated.csv,http://data.odeuropa.eu/smell/5d38287b-cb59-5c86-b81c-f6f092cb936e
http://data.odeuropa.eu/smell/c6bf582e-17da-54a2-a24b-4c67ac51cb8c,od_F1_generated.csv,http://data.odeuropa.eu/smell/c6bf582e-17da-54a2-a24b-4c67ac51cb8c
http://data.odeuropa.eu/smell/c6980e3a-a351-5f7d-9791-c4eec98bb126,od_F1_generated.csv,http://data.odeuropa.eu/smell/c6980e3a-a351-5f7d-9791-c4eec98bb126
http://data.odeuropa.eu/smell/796b1e1c-5b90-508f-a8b1-b7726ddd2001,od_F1_generated.csv,http://data.odeuropa.eu/smell/796b1e1c-5b90-508f-a8b1-b7726ddd2001
http://data.odeuropa.eu/smell/36a1901c-2d70-565a-964f-b401cb1f44db,od_F1_generated.csv,http://data.odeuropa.eu/smell/36a1901c-2d70-565a-964f-b401cb1f44db
http://data.odeuropa.eu/smell/b2c16839-806c-59ce-b920-f601bfebc197,od_F1_generated.csv,http://data.odeuropa.eu/smell/b2c16839-806c-59ce-b920-f601bfebc197
http://data.odeuropa.eu/smell/e3abcb2b-0105-505c-b289-cb2c17590d9a,od_F1_generated.csv,http://data.odeuropa.eu/smell/e3abcb2b-0105-505c-b289-cb2c17590d9a
http://data.odeuropa.eu/smell/0158e5b4-7835-52ff-a58d-abea543fac88,od_F1_generated.csv,http://data.odeuropa.eu/smell/0158e5b4-7835-52ff-a58d-abea543fac88
http://data.odeuropa.eu/smell/57a4e021-5476-5c99-9b8b-9f5b5b099c74,od_F1_generated.csv,http://data.odeuropa.eu/smell/57a4e021-5476-5c99-9b8b-9f5b5b099c74
http://data.odeuropa.eu/smell/a8e97093-5975-5761-9e30-73dba8799ad4,od_F1_generated.csv,http://data.odeuropa.eu/smell/a8e97093-5975-5761-9e30-73dba8799ad4
http://data.odeuropa.eu/smell/016a5744-5fb9-591b-95d5-25a72c947946,od_F1_generated.csv,http://data.odeuropa.eu/smell/016a5744-5fb9-591b-95d5-25a72c947946
http://data.odeuropa.eu/smell/9202263c-6f1e-5271-8a76-084db211ac37,od_F1_generated.csv,http://data.odeuropa.eu/smell/9202263c-6f1e-5271-8a76-084db211ac37
http://data.odeuropa.eu/smell/2e718352-6d62-5442-a92d-31566c2a92c1,od_F1_generated.csv,http://data.odeuropa.eu/smell/2e718352-6d62-5442-a92d-31566c2a92c1
http://data.odeuropa.eu/smell/9cba2873-7343-57b3-88fc-d8709c5fa092,od_F1_generated.csv,http://data.odeuropa.eu/smell/9cba2873-7343-57b3-88fc-d8709c5fa092
http://data.odeuropa.eu/smell/0fe96506-af01-552f-b880-dc0f809e6e0a,od_F1_generated.csv,http://data.odeuropa.eu/smell/0fe96506-af01-552f-b880-dc0f809e6e0a
http://data.odeuropa.eu/smell/b7f5434f-36af-53b3-8f75-b7767c3afe73,od_F1_generated.csv,http://data.odeuropa.eu/smell/b7f5434f-36af-53b3-8f75-b7767c3afe73
http://data.odeuropa.eu/smell/2dd502e1-165b-5d9e-9c8b-b738ca958070,od_F1_generated.csv,http://data.odeuropa.eu/smell/2dd502e1-165b-5d9e-9c8b-b738ca958070
http://data.odeuropa.eu/smell/77d6b216-6747-53f4-b20b-be5a62f91419,od_F1_generated.csv,http://data.odeuropa.eu/smell/77d6b216-6747-53f4-b20b-be5a62f91419
http://data.odeuropa.eu/smell/8ad469e7-d437-5b6c-a19c-3865bc66266e,od_F1_generated.csv,http://data.odeuropa.eu/smell/8ad469e7-d437-5b6c-a19c-3865bc66266e
http://data.odeuropa.eu/smell/37826cfa-61fd-5dd5-acdb-239652d10ed6,od_F1_generated.csv,http://data.odeuropa.eu/smell/37826cfa-61fd-5dd5-acdb-239652d10ed6
http://data.odeuropa.eu/smell/529e00a6-cb2d-5342-a1fa-809fe78f7442,od_F1_generated.csv,http://data.odeuropa.eu/smell/529e00a6-cb2d-5342-a1fa-809fe78f7442
http://data.odeuropa.eu/smell/000925d9-f147-5624-a5df-ee0251413390,od_F1_generated.csv,http://data.odeuropa.eu/smell/000925d9-f147-5624-a5df-ee0251413390
http://data.odeuropa.eu/smell/caeae7f5-ea59-574b-8e81-e0ee0fd8e0f1,od_F1_generated.csv,http://data.odeuropa.eu/smell/caeae7f5-ea59-574b-8e81-e0ee0fd8e0f1
http://data.odeuropa.eu/smell/5b2fffe3-4100-52a8-9538-5aef1eaebb9d,od_F1_generated.csv,http://data.odeuropa.eu/smell/5b2fffe3-4100-52a8-9538-5aef1eaebb9d
http://data.odeuropa.eu/smell/41ea9e26-e959-5fe1-b138-172a761875a0,od_F1_generated.csv,http://data.odeuropa.eu/smell/41ea9e26-e959-5fe1-b138-172a761875a0
http://data.odeuropa.eu/smell/45f95062-7f8e-5d41-8505-ab309ca01d2f,od_F1_generated.csv,http://data.odeuropa.eu/smell/45f95062-7f8e-5d41-8505-ab309ca01d2f
http://data.odeuropa.eu/smell/7d7a03a1-f0be-5e93-8ac3-c8c116870c4d,od_F1_generated.csv,http://data.odeuropa.eu/smell/7d7a03a1-f0be-5e93-8ac3-c8c116870c4d
http://data.odeuropa.eu/smell/366f8105-1cfc-5258-a67c-c0f14f58e801,od_F1_generated.csv,http://data.odeuropa.eu/smell/366f8105-1cfc-5258-a67c-c0f14f58e801
http://data.odeuropa.eu/smell/af59ba00-9831-5341-90a1-580a1163c802,od_F1_generated.csv,http://data.odeuropa.eu/smell/af59ba00-9831-5341-90a1-580a1163c802
http://data.odeuropa.eu/smell/25c35342-44e4-52cb-9396-27c1896159c4,od_F1_generated.csv,http://data.odeuropa.eu/smell/25c35342-44e4-52cb-9396-27c1896159c4
http://data.odeuropa.eu/smell/4be29d18-e98c-52fc-899e-3f9c30e1c54b,od_F1_generated.csv,http://data.odeuropa.eu/smell/4be29d18-e98c-52fc-899e-3f9c30e1c54b
http://data.odeuropa.eu/smell/443d7d5a-861e-501f-b510-9774dee83dbf,od_F1_generated.csv,http://data.odeuropa.eu/smell/443d7d5a-861e-501f-b510-9774dee83dbf
http://data.odeuropa.eu/smell/a5407c80-27bb-5368-bc79-36777d5e5b54,od_F1_generated.csv,http://data.odeuropa.eu/smell/a5407c80-27bb-5368-bc79-36777d5e5b54
http://data.odeuropa.eu/smell/71e97a90-23ea-5cc4-ab33-61c66fa870c1,od_F1_generated.csv,http://data.odeuropa.eu/smell/71e97a90-23ea-5cc4-ab33-61c66fa870c1
http://data.odeuropa.eu/smell/18d4fa71-1e3c-5bad-8990-2ed2e480cb82,od_F1_generated.csv,http://data.odeuropa.eu/smell/18d4fa71-1e3c-5bad-8990-2ed2e480cb82
http://data.odeuropa.eu/smell/52ca7c86-8443-5363-aabb-7600a0d0f8e9,od_F1_generated.csv,http://data.odeuropa.eu/smell/52ca7c86-8443-5363-aabb-7600a0d0f8e9
http://data.odeuropa.eu/smell/e461b3bf-8735-5a1f-adb2-e6e3b996e84c,od_F1_generated.csv,http://data.odeuropa.eu/smell/e461b3bf-8735-5a1f-adb2-e6e3b996e84c
http://data.odeuropa.eu/smell/ade84f4f-befd-5e38-97e8-23bd9cf2ba75,od_F1_generated.csv,http://data.odeuropa.eu/smell/ade84f4f-befd-5e38-97e8-23bd9cf2ba75
http://data.odeuropa.eu/smell/36a4bfb8-c94c-531d-925f-d77ca0c8ee0b,od_F1_generated.csv,http://data.odeuropa.eu/smell/36a4bfb8-c94c-531d-925f-d77ca0c8ee0b
http://data.odeuropa.eu/smell/67eb2dcd-73d0-5b5f-9c7c-65b2915c6ab6,od_F1_generated.csv,http://data.odeuropa.eu/smell/67eb2dcd-73d0-5b5f-9c7c-65b2915c6ab6
http://data.odeuropa.eu/smell/e9da5337-8606-578a-bb7b-e31e144a2c34,od_F1_generated.csv,http://data.odeuropa.eu/smell/e9da5337-8606-578a-bb7b-e31e144a2c34
http://data.odeuropa.eu/smell/7893668c-66a3-5751-8631-d47bfb724c2b,od_F1_generated.csv,http://data.odeuropa.eu/smell/7893668c-66a3-5751-8631-d47bfb724c2b
http://data.odeuropa.eu/smell/26c46483-dab4-5e16-8a1a-55d23dc59781,od_F1_generated.csv,http://data.odeuropa.eu/smell/26c46483-dab4-5e16-8a1a-55d23dc59781
http://data.odeuropa.eu/smell/c115d949-fee1-5be6-87c8-08642dcf24f0,od_F1_generated.csv,http://data.odeuropa.eu/smell/c115d949-fee1-5be6-87c8-08642dcf24f0
http://data.odeuropa.eu/smell/dc78c5f4-5f52-5329-ba75-7c87ff61dcbd,od_F1_generated.csv,http://data.odeuropa.eu/smell/dc78c5f4-5f52-5329-ba75-7c87ff61dcbd
http://data.odeuropa.eu/smell/0ae7201e-e938-5d94-80ff-827833680601,od_F1_generated.csv,http://data.odeuropa.eu/smell/0ae7201e-e938-5d94-80ff-827833680601
http://data.odeuropa.eu/smell/883c9dce-7eda-5f4d-8fe7-ba04b4ae1e30,od_F1_generated.csv,http://data.odeuropa.eu/smell/883c9dce-7eda-5f4d-8fe7-ba04b4ae1e30
http://data.odeuropa.eu/smell/7e4a2416-9de2-5927-b7ed-32089b82d137,od_F1_generated.csv,http://data.odeuropa.eu/smell/7e4a2416-9de2-5927-b7ed-32089b82d137
http://data.odeuropa.eu/smell/cc435eb1-48b8-5ac3-bb27-9fe15981f4de,od_F1_generated.csv,http://data.odeuropa.eu/smell/cc435eb1-48b8-5ac3-bb27-9fe15981f4de
http://data.odeuropa.eu/smell/240fa8f2-f905-5425-95ad-22b059cd3821,od_F1_generated.csv,http://data.odeuropa.eu/smell/240fa8f2-f905-5425-95ad-22b059cd3821
http://data.odeuropa.eu/smell/a529606b-f8c2-5a88-9d5e-39edee7a5698,od_F1_generated.csv,http://data.odeuropa.eu/smell/a529606b-f8c2-5a88-9d5e-39edee7a5698
http://data.odeuropa.eu/smell/dc093688-78d9-5b2f-9532-bbe642c72e6c,od_F1_generated.csv,http://data.odeuropa.eu/smell/dc093688-78d9-5b2f-9532-bbe642c72e6c
http://data.odeuropa.eu/smell/6976a379-0c55-5e4d-9540-a7608344f603,od_F1_generated.csv,http://data.odeuropa.eu/smell/6976a379-0c55-5e4d-9540-a7608344f603
http://data.odeuropa.eu/smell/8618d227-1f8a-5ebc-aed1-eb25c6768e7f,od_F1_generated.csv,http://data.odeuropa.eu/smell/8618d227-1f8a-5ebc-aed1-eb25c6768e7f
http://data.odeuropa.eu/smell/b60c8f1b-763d-5fe1-8a41-92df630e244a,od_F1_generated.csv,http://data.odeuropa.eu/smell/b60c8f1b-763d-5fe1-8a41-92df630e244a
http://data.odeuropa.eu/smell/ec29590c-c498-5232-9430-b90ed4a3f0cd,od_F1_generated.csv,http://data.odeuropa.eu/smell/ec29590c-c498-5232-9430-b90ed4a3f0cd
http://data.odeuropa.eu/smell/06a62f2d-f6e5-52f0-ba46-9138372f8ea1,od_F1_generated.csv,http://data.odeuropa.eu/smell/06a62f2d-f6e5-52f0-ba46-9138372f8ea1
http://data.odeuropa.eu/smell/e5a18508-3546-5932-88ef-38f076f7b636,od_F1_generated.csv,http://data.odeuropa.eu/smell/e5a18508-3546-5932-88ef-38f076f7b636
http://data.odeuropa.eu/smell/3b24a75c-8b4a-568c-b626-c079f656235d,od_F1_generated.csv,http://data.odeuropa.eu/smell/3b24a75c-8b4a-568c-b626-c079f656235d
http://data.odeuropa.eu/smell/a31966d0-fc18-55ee-b4a3-b58807bed8f3,od_F1_generated.csv,http://data.odeuropa.eu/smell/a31966d0-fc18-55ee-b4a3-b58807bed8f3
http://data.odeuropa.eu/smell/88d5f9ec-83dd-5961-8a88-fbccde7587eb,od_F1_generated.csv,http://data.odeuropa.eu/smell/88d5f9ec-83dd-5961-8a88-fbccde7587eb
http://data.odeuropa.eu/smell/55239caf-dcbc-5fc9-97d9-34b85690f88f,od_F1_generated.csv,http://data.odeuropa.eu/smell/55239caf-dcbc-5fc9-97d9-34b85690f88f
http://data.odeuropa.eu/smell/01756214-781e-5723-acf1-1f5f3b94f5ed,od_F1_generated.csv,http://data.odeuropa.eu/smell/01756214-781e-5723-acf1-1f5f3b94f5ed
http://data.odeuropa.eu/smell/548e8a1f-1145-52b7-b367-fd811c572998,od_F1_generated.csv,http://data.odeuropa.eu/smell/548e8a1f-1145-52b7-b367-fd811c572998
http://data.odeuropa.eu/smell/fd8841e8-c272-5745-a8ad-9d380b539d68,od_F1_generated.csv,http://data.odeuropa.eu/smell/fd8841e8-c272-5745-a8ad-9d380b539d68
http://data.odeuropa.eu/smell/309ab110-86df-5150-be94-75dd609a6102,od_F1_generated.csv,http://data.odeuropa.eu/smell/309ab110-86df-5150-be94-75dd609a6102
http://data.odeuropa.eu/smell/cf6df0b6-a482-5c5f-9ddd-6adad0f7e476,od_F1_generated.csv,http://data.odeuropa.eu/smell/cf6df0b6-a482-5c5f-9ddd-6adad0f7e476
http://data.odeuropa.eu/smell/56075750-1e0e-5ad5-aaac-983205e5cb0f,od_F1_generated.csv,http://data.odeuropa.eu/smell/56075750-1e0e-5ad5-aaac-983205e5cb0f
http://data.odeuropa.eu/smell/d2d0a737-7a2e-544a-a998-457f95ada305,od_F1_generated.csv,http://data.odeuropa.eu/smell/d2d0a737-7a2e-544a-a998-457f95ada305
http://data.odeuropa.eu/smell/5ce80267-44b6-5389-908b-6e8265d78adc,od_F1_generated.csv,http://data.odeuropa.eu/smell/5ce80267-44b6-5389-908b-6e8265d78adc
http://data.odeuropa.eu/smell/ae532373-4675-5c5b-986f-97cf38ac03bd,od_F1_generated.csv,http://data.odeuropa.eu/smell/ae532373-4675-5c5b-986f-97cf38ac03bd
http://data.odeuropa.eu/smell/8a9c60f2-be18-579b-a591-b0506e997083,ecrm_P7_took_place_at%20%2F%20ecrm_P137_exemplifies.csv,http://data.odeuropa.eu/vocabulary/fragrant-spaces/64
http://data.odeuropa.eu/smell/5d38287b-cb59-5c86-b81c-f6f092cb936e,ecrm_P7_took_place_at%20%2F%20ecrm_P137_exemplifies.csv,http://data.odeuropa.eu/vocabulary/fragrant-spaces/83
http://data.odeuropa.eu/smell/5ce80267-44b6-5389-908b-6e8265d78adc,ecrm_P7_took_place_at%20%2F%20ecrm_P137_exemplifies.csv,http://data.odeuropa.eu/vocabulary/fragrant-spaces/109
http://data.odeuropa.eu/vocabulary/olfactory-objects/177,skos_narrower.csv,http://data.odeuropa.eu/vocabulary/olfactory-objects/156
http://data.odeuropa.eu/vocabulary/olfactory-objects/177,skos_narrower.csv,http://data.odeuropa.eu/vocabulary/olfactory-objects/206
http://data.odeuropa.eu/vocabulary/olfactory-objects/177,skos_narrower.csv,http://data.odeuropa.eu/vocabulary/olfactory-objects/212
http://data.odeuropa.eu/vocabulary/olfactory-objects/177,skos_narrower.csv,http://data.odeuropa.eu/vocabulary/olfactory-objects/213
http://data.odeuropa.eu/vocabulary/olfactory-objects/177,skos_narrower.csv,http://data.odeuropa.eu/vocabulary/olfactory-objects/214
http://data.odeuropa.eu/vocabulary/olfactory-objects/177,skos_narrower.csv,http://data.odeuropa.eu/vocabulary/olfactory-objects/215
http://data.odeuropa.eu/vocabulary/olfactory-objects/177,skos_narrower.csv,http://data.odeuropa.eu/vocabulary/olfactory-objects/320
http://data.odeuropa.eu/vocabulary/olfactory-objects/177,skos_narrower.csv,http://data.odeuropa.eu/vocabulary/olfactory-objects/321
http://data.odeuropa.eu/vocabulary/olfactory-objects/177,skos_narrower.csv,http://data.odeuropa.eu/vocabulary/olfactory-objects/323
http://data.odeuropa.eu/vocabulary/olfactory-objects/177,skos_narrower.csv,http://data.odeuropa.eu/vocabulary/olfactory-objects/324
http://data.odeuropa.eu/vocabulary/olfactory-objects/177,skos_narrower.csv,http://data.odeuropa.eu/vocabulary/olfactory-objects/325
http://data.odeuropa.eu/vocabulary/olfactory-objects/177,skos_narrower.csv,http://data.odeuropa.eu/vocabulary/olfactory-objects/326
http://data.odeuropa.eu/vocabulary/olfactory-objects/177,skos_narrower.csv,http://data.odeuropa.eu/vocabulary/olfactory-objects/330
http://data.odeuropa.eu/vocabulary/olfactory-objects/177,skos_narrower.csv,http://data.odeuropa.eu/vocabulary/olfactory-objects/331
http://data.odeuropa.eu/vocabulary/olfactory-objects/177,skos_narrower.csv,http://data.odeuropa.eu/vocabulary/olfactory-objects/386
http://data.odeuropa.eu/vocabulary/olfactory-objects/177,skos_narrower.csv,http://data.odeuropa.eu/vocabulary/olfactory-objects/395
http://data.odeuropa.eu/vocabulary/olfactory-objects/177,skos_narrower.csv,http://data.odeuropa.eu/vocabulary/olfactory-objects/406
http://data.odeuropa.eu/vocabulary/olfactory-objects/177,skos_narrower.csv,http://data.odeuropa.eu/vocabulary/olfactory-objects/411
http://data.odeuropa.eu/vocabulary/olfactory-objects/177,skos_narrower.csv,http://data.odeuropa.eu/vocabulary/olfactory-objects/414
http://data.odeuropa.eu/vocabulary/olfactory-objects/177,skos_narrower.csv,http://data.odeuropa.eu/vocabulary/olfactory-objects/427
http://data.odeuropa.eu/vocabulary/olfactory-objects/125,skos_narrower.csv,http://data.odeuropa.eu/vocabulary/olfactory-objects/84
http://data.odeuropa.eu/vocabulary/olfactory-objects/151,skos_narrower.csv,http://data.odeuropa.eu/vocabulary/olfactory-objects/374
http://data.odeuropa.eu/vocabulary/olfactory-objects/448,skos_narrower.csv,http://data.odeuropa.eu/vocabulary/olfactory-objects/449
http://data.odeuropa.eu/vocabulary/olfactory-objects/448,skos_narrower.csv,http://data.odeuropa.eu/vocabulary/olfactory-objects/452
http://data.odeuropa.eu/vocabulary/olfactory-objects/448,skos_narrower.csv,http://data.odeuropa.eu/vocabulary/olfactory-objects/453
http://data.odeuropa.eu/vocabulary/olfactory-objects/448,skos_narrower.csv,http://data.odeuropa.eu/vocabulary/olfactory-objects/456
http://data.odeuropa.eu/vocabulary/olfactory-objects/448,skos_narrower.csv,http://data.odeuropa.eu/vocabulary/olfactory-objects/457
http://data.odeuropa.eu/vocabulary/olfactory-objects/448,skos_narrower.csv,http://data.odeuropa.eu/vocabulary/olfactory-objects/458
http://data.odeuropa.eu/vocabulary/olfactory-objects/448,skos_narrower.csv,http://data.odeuropa.eu/vocabulary/olfactory-objects/522
http://data.odeuropa.eu/vocabulary/olfactory-objects/448,skos_narrower.csv,http://data.odeuropa.eu/vocabulary/olfactory-objects/412
http://data.odeuropa.eu/vocabulary/olfactory-objects/448,skos_narrower.csv,http://data.odeuropa.eu/vocabulary/olfactory-objects/31
http://data.odeuropa.eu/vocabulary/olfactory-objects/448,skos_narrower.csv,http://data.odeuropa.eu/vocabulary/olfactory-objects/496
http://data.odeuropa.eu/vocabulary/olfactory-objects/448,skos_narrower.csv,http://data.odeuropa.eu/vocabulary/olfactory-objects/576
http://data.odeuropa.eu/vocabulary/olfactory-objects/448,skos_narrower.csv,http://data.odeuropa.eu/vocabulary/olfactory-objects/572
http://data.odeuropa.eu/vocabulary/olfactory-objects/448,skos_narrower.csv,http://data.odeuropa.eu/vocabulary/olfactory-objects/574
http://data.odeuropa.eu/vocabulary/olfactory-objects/449,skos_narrower.csv,http://data.odeuropa.eu/vocabulary/olfactory-objects/450
http://data.odeuropa.eu/vocabulary/olfactory-objects/449,skos_narrower.csv,http://data.odeuropa.eu/vocabulary/olfactory-objects/451
http://data.odeuropa.eu/vocabulary/olfactory-objects/450,skos_narrower.csv,http://data.odeuropa.eu/vocabulary/olfactory-objects/454
http://data.odeuropa.eu/vocabulary/olfactory-objects/452,skos_narrower.csv,http://data.odeuropa.eu/vocabulary/olfactory-objects/496
http://data.odeuropa.eu/vocabulary/olfactory-objects/452,skos_narrower.csv,http://data.odeuropa.eu/vocabulary/olfactory-objects/572
http://data.odeuropa.eu/vocabulary/olfactory-objects/472,skos_narrower.csv,http://data.odeuropa.eu/vocabulary/olfactory-objects/20
http://data.odeuropa.eu/vocabulary/olfactory-objects/473,skos_narrower.csv,http://data.odeuropa.eu/vocabulary/olfactory-objects/121
http://data.odeuropa.eu/vocabulary/olfactory-objects/473,skos_narrower.csv,http://data.odeuropa.eu/vocabulary/olfactory-objects/70
http://data.odeuropa.eu/vocabulary/olfactory-objects/473,skos_narrower.csv,http://data.odeuropa.eu/vocabulary/olfactory-objects/7
http://data.odeuropa.eu/vocabulary/olfactory-objects/475,skos_narrower.csv,http://data.odeuropa.eu/vocabulary/olfactory-objects/83
http://data.odeuropa.eu/vocabulary/olfactory-objects/475,skos_narrower.csv,http://data.odeuropa.eu/vocabulary/olfactory-objects/216
http://data.odeuropa.eu/vocabulary/olfactory-objects/492,skos_narrower.csv,http://data.odeuropa.eu/vocabulary/olfactory-objects/114
http://data.odeuropa.eu/vocabulary/olfactory-objects/69,skos_narrower.csv,http://data.odeuropa.eu/vocabulary/olfactory-objects/115
http://data.odeuropa.eu/vocabulary/olfactory-objects/69,skos_narrower.csv,http://data.odeuropa.eu/vocabulary/olfactory-objects/120
http://data.odeuropa.eu/vocabulary/olfactory-objects/69,skos_narrower.csv,http://data.odeuropa.eu/vocabulary/olfactory-objects/70
http://data.odeuropa.eu/vocabulary/olfactory-objects/85,skos_narrower.csv,http://data.odeuropa.eu/vocabulary/olfactory-objects/80
http://data.odeuropa.eu/vocabulary/olfactory-objects/85,skos_narrower.csv,http://data.odeuropa.eu/vocabulary/olfactory-objects/86
http://data.odeuropa.eu/vocabulary/olfactory-objects/85,skos_narrower.csv,http://data.odeuropa.eu/vocabulary/olfactory-objects/566
http://data.odeuropa.eu/vocabulary/olfactory-objects/89,skos_narrower.csv,http://data.odeuropa.eu/vocabulary/olfactory-objects/251
http://data.odeuropa.eu/vocabulary/olfactory-objects/233,skos_narrower.csv,http://data.odeuropa.eu/vocabulary/olfactory-objects/80
http://data.odeuropa.eu/vocabulary/olfactory-objects/233,skos_narrower.csv,http://data.odeuropa.eu/vocabulary/olfactory-objects/94
http://data.odeuropa.eu/vocabulary/olfactory-objects/233,skos_narrower.csv,http://data.odeuropa.eu/vocabulary/olfactory-objects/392
http://data.odeuropa.eu/vocabulary/olfactory-objects/233,skos_narrower.csv,http://data.odeuropa.eu/vocabulary/olfactory-objects/52
http://data.odeuropa.eu/vocabulary/olfactory-objects/109,skos_narrower.csv,http://data.odeuropa.eu/vocabulary/olfactory-objects/375
http://data.odeuropa.eu/vocabulary/olfactory-objects/109,skos_narrower.csv,http://data.odeuropa.eu/vocabulary/olfactory-objects/376
http://data.odeuropa.eu/vocabulary/olfactory-objects/145,skos_narrower.csv,http://data.odeuropa.eu/vocabulary/olfactory-objects/98
http://data.odeuropa.eu/vocabulary/olfactory-objects/167,skos_narrower.csv,http://data.odeuropa.eu/vocabulary/olfactory-objects/345
http://data.odeuropa.eu/vocabulary/fragrant-spaces/93,skos_narrower.csv,http://data.odeuropa.eu/vocabulary/fragrant-spaces/51
http://data.odeuropa.eu/vocabulary/olfactory-objects/200,skos_narrower.csv,http://data.odeuropa.eu/vocabulary/olfactory-objects/201
http://data.odeuropa.eu/vocabulary/olfactory-objects/200,skos_narrower.csv,http://data.odeuropa.eu/vocabulary/olfactory-objects/218
http://data.odeuropa.eu/vocabulary/olfactory-objects/200,skos_narrower.csv,http://data.odeuropa.eu/vocabulary/olfactory-objects/221
http://data.odeuropa.eu/vocabulary/olfactory-objects/200,skos_narrower.csv,http://data.odeuropa.eu/vocabulary/olfactory-objects/231
http://data.odeuropa.eu/vocabulary/olfactory-objects/200,skos_narrower.csv,http://data.odeuropa.eu/vocabulary/olfactory-objects/232
http://data.odeuropa.eu/vocabulary/olfactory-objects/200,skos_narrower.csv,http://data.odeuropa.eu/vocabulary/olfactory-objects/234
http://data.odeuropa.eu/vocabulary/olfactory-objects/200,skos_narrower.csv,http://data.odeuropa.eu/vocabulary/olfactory-objects/355
http://data.odeuropa.eu/vocabulary/olfactory-objects/200,skos_narrower.csv,http://data.odeuropa.eu/vocabulary/olfactory-objects/358
http://data.odeuropa.eu/vocabulary/olfactory-objects/200,skos_narrower.csv,http://data.odeuropa.eu/vocabulary/olfactory-objects/476
http://data.odeuropa.eu/vocabulary/olfactory-objects/200,skos_narrower.csv,http://data.odeuropa.eu/vocabulary/olfactory-objects/61
http://data.odeuropa.eu/vocabulary/olfactory-objects/200,skos_narrower.csv,http://data.odeuropa.eu/vocabulary/olfactory-objects/24
http://data.odeuropa.eu/vocabulary/olfactory-objects/200,skos_narrower.csv,http://data.odeuropa.eu/vocabulary/olfactory-objects/402
http://data.odeuropa.eu/vocabulary/olfactory-objects/210,skos_narrower.csv,http://data.odeuropa.eu/vocabulary/olfactory-objects/209
http://data.odeuropa.eu/vocabulary/olfactory-objects/259,skos_narrower.csv,http://data.odeuropa.eu/vocabulary/olfactory-objects/103
http://data.odeuropa.eu/vocabulary/olfactory-objects/259,skos_narrower.csv,http://data.odeuropa.eu/vocabulary/olfactory-objects/154
http://data.odeuropa.eu/vocabulary/olfactory-objects/259,skos_narrower.csv,http://data.odeuropa.eu/vocabulary/olfactory-objects/197
http://data.odeuropa.eu/vocabulary/olfactory-objects/259,skos_narrower.csv,http://data.odeuropa.eu/vocabulary/olfactory-objects/203
http://data.odeuropa.eu/vocabulary/olfactory-objects/259,skos_narrower.csv,http://data.odeuropa.eu/vocabulary/olfactory-objects/204
http://data.odeuropa.eu/vocabulary/olfactory-objects/259,skos_narrower.csv,http://data.odeuropa.eu/vocabulary/olfactory-objects/205
http://data.odeuropa.eu/vocabulary/olfactory-objects/259,skos_narrower.csv,http://data.odeuropa.eu/vocabulary/olfactory-objects/217
http://data.odeuropa.eu/vocabulary/olfactory-objects/259,skos_narrower.csv,http://data.odeuropa.eu/vocabulary/olfactory-objects/220
http://data.odeuropa.eu/vocabulary/olfactory-objects/259,skos_narrower.csv,http://data.odeuropa.eu/vocabulary/olfactory-objects/222
http://data.odeuropa.eu/vocabulary/olfactory-objects/259,skos_narrower.csv,http://data.odeuropa.eu/vocabulary/olfactory-objects/225
http://data.odeuropa.eu/vocabulary/olfactory-objects/259,skos_narrower.csv,http://data.odeuropa.eu/vocabulary/olfactory-objects/267
http://data.odeuropa.eu/vocabulary/olfactory-objects/259,skos_narrower.csv,http://data.odeuropa.eu/vocabulary/olfactory-objects/269
http://data.odeuropa.eu/vocabulary/olfactory-objects/259,skos_narrower.csv,http://data.odeuropa.eu/vocabulary/olfactory-objects/431
http://data.odeuropa.eu/vocabulary/olfactory-objects/269,skos_narrower.csv,http://data.odeuropa.eu/vocabulary/olfactory-objects/399
http://data.odeuropa.eu/vocabulary/olfactory-objects/281,skos_narrower.csv,http://data.odeuropa.eu/vocabulary/olfactory-objects/122
http://data.odeuropa.eu/vocabulary/olfactory-objects/281,skos_narrower.csv,http://data.odeuropa.eu/vocabulary/olfactory-objects/505
http://data.odeuropa.eu/vocabulary/olfactory-objects/281,skos_narrower.csv,http://data.odeuropa.eu/vocabulary/olfactory-objects/39
http://data.odeuropa.eu/vocabulary/olfactory-objects/281,skos_narrower.csv,http://data.odeuropa.eu/vocabulary/olfactory-objects/40
http://data.odeuropa.eu/vocabulary/olfactory-objects/281,skos_narrower.csv,http://data.odeuropa.eu/vocabulary/olfactory-objects/42
http://data.odeuropa.eu/vocabulary/olfactory-objects/281,skos_narrower.csv,http://data.odeuropa.eu/vocabulary/olfactory-objects/41
http://data.odeuropa.eu/vocabulary/olfactory-objects/281,skos_narrower.csv,http://data.odeuropa.eu/vocabulary/olfactory-objects/43
http://data.odeuropa.eu/vocabulary/olfactory-objects/281,skos_narrower.csv,http://data.odeuropa.eu/vocabulary/olfactory-objects/519
http://data.odeuropa.eu/vocabulary/olfactory-objects/337,skos_narrower.csv,http://data.odeuropa.eu/vocabulary/olfactory-objects/349
http://data.odeuropa.eu/vocabulary/olfactory-objects/343,skos_narrower.csv,http://data.odeuropa.eu/vocabulary/olfactory-objects/469
http://data.odeuropa.eu/vocabulary/olfactory-objects/110,skos_broader.csv,http://data.odeuropa.eu/vocabulary/olfactory-objects/403
http://data.odeuropa.eu/vocabulary/olfactory-objects/110,skos_broader.csv,http://data.odeuropa.eu/vocabulary/olfactory-objects/405
http://data.odeuropa.eu/vocabulary/olfactory-objects/177,skos_broader.csv,http://data.odeuropa.eu/vocabulary/olfactory-objects/405
http://data.odeuropa.eu/vocabulary/olfactory-objects/345,skos_broader.csv,http://data.odeuropa.eu/vocabulary/olfactory-objects/167
http://data.odeuropa.eu/vocabulary/olfactory-objects/345,skos_broader.csv,http://data.odeuropa.eu/vocabulary/olfactory-objects/558
http://data.odeuropa.eu/vocabulary/olfactory-objects/415,skos_broader.csv,http://data.odeuropa.eu/vocabulary/olfactory-objects/72
http://data.odeuropa.eu/vocabulary/olfactory-objects/415,skos_broader.csv,http://data.odeuropa.eu/vocabulary/olfactory-objects/560
http://data.odeuropa.eu/vocabulary/olfactory-objects/79,skos_broader.csv,http://data.odeuropa.eu/vocabulary/olfactory-objects/403
http://data.odeuropa.eu/vocabulary/olfactory-objects/79,skos_broader.csv,http://data.odeuropa.eu/vocabulary/olfactory-objects/560
http://data.odeuropa.eu/vocabulary/olfactory-objects/1,skos_broader.csv,http://data.odeuropa.eu/vocabulary/olfactory-objects/517
http://data.odeuropa.eu/vocabulary/olfactory-objects/1,skos_broader.csv,http://data.odeuropa.eu/vocabulary/olfactory-objects/554
http://data.odeuropa.eu/vocabulary/olfactory-objects/106,skos_broader.csv,http://data.odeuropa.eu/vocabulary/olfactory-objects/554
http://data.odeuropa.eu/vocabulary/olfactory-objects/111,skos_broader.csv,http://data.odeuropa.eu/vocabulary/olfactory-objects/554
http://data.odeuropa.eu/vocabulary/olfactory-objects/114,skos_broader.csv,http://data.odeuropa.eu/vocabulary/olfactory-objects/492
http://data.odeuropa.eu/vocabulary/olfactory-objects/114,skos_broader.csv,http://data.odeuropa.eu/vocabulary/olfactory-objects/554
http://data.odeuropa.eu/vocabulary/olfactory-objects/115,skos_broader.csv,http://data.odeuropa.eu/vocabulary/olfactory-objects/69
http://data.odeuropa.eu/vocabulary/olfactory-objects/115,skos_broader.csv,http://data.odeuropa.eu/vocabulary/olfactory-objects/4
http://data.odeuropa.eu/vocabulary/olfactory-objects/115,skos_broader.csv,http://data.odeuropa.eu/vocabulary/olfactory-objects/554
http://data.odeuropa.eu/vocabulary/olfactory-objects/116,skos_broader.csv,http://data.odeuropa.eu/vocabulary/olfactory-objects/412
http://data.odeuropa.eu/vocabulary/olfactory-objects/116,skos_broader.csv,http://data.odeuropa.eu/vocabulary/olfactory-objects/554
http://data.odeuropa.eu/vocabulary/olfactory-objects/117,skos_broader.csv,http://data.odeuropa.eu/vocabulary/olfactory-objects/554
http://data.odeuropa.eu/vocabulary/olfactory-objects/118,skos_broader.csv,http://data.odeuropa.eu/vocabulary/olfactory-objects/4
http://data.odeuropa.eu/vocabulary/olfactory-objects/118,skos_broader.csv,http://data.odeuropa.eu/vocabulary/olfactory-objects/554
http://data.odeuropa.eu/vocabulary/olfactory-objects/120,skos_broader.csv,http://data.odeuropa.eu/vocabulary/olfactory-objects/69
http://data.odeuropa.eu/vocabulary/olfactory-objects/120,skos_broader.csv,http://data.odeuropa.eu/vocabulary/olfactory-objects/4
http://data.odeuropa.eu/vocabulary/olfactory-objects/120,skos_broader.csv,http://data.odeuropa.eu/vocabulary/olfactory-objects/554
http://data.odeuropa.eu/vocabulary/olfactory-objects/121,skos_broader.csv,http://data.odeuropa.eu/vocabulary/olfactory-objects/473
http://data.odeuropa.eu/vocabulary/olfactory-objects/121,skos_broader.csv,http://data.odeuropa.eu/vocabulary/olfactory-objects/554
http://data.odeuropa.eu/vocabulary/olfactory-objects/122,skos_broader.csv,http://data.odeuropa.eu/vocabulary/olfactory-objects/281
http://data.odeuropa.eu/vocabulary/olfactory-objects/122,skos_broader.csv,http://data.odeuropa.eu/vocabulary/olfactory-objects/554
http://data.odeuropa.eu/vocabulary/olfactory-objects/123,skos_broader.csv,http://data.odeuropa.eu/vocabulary/olfactory-objects/404
http://data.odeuropa.eu/vocabulary/olfactory-objects/123,skos_broader.csv,http://data.odeuropa.eu/vocabulary/olfactory-objects/554
http://data.odeuropa.eu/vocabulary/olfactory-objects/125,skos_broader.csv,http://data.odeuropa.eu/vocabulary/olfactory-objects/4
http://data.odeuropa.eu/vocabulary/olfactory-objects/125,skos_broader.csv,http://data.odeuropa.eu/vocabulary/olfactory-objects/554
http://data.odeuropa.eu/vocabulary/olfactory-objects/127,skos_broader.csv,http://data.odeuropa.eu/vocabulary/olfactory-objects/554
http://data.odeuropa.eu/vocabulary/olfactory-objects/128,skos_broader.csv,http://data.odeuropa.eu/vocabulary/olfactory-objects/554
http://data.odeuropa.eu/vocabulary/olfactory-objects/129,skos_broader.csv,http://data.odeuropa.eu/vocabulary/olfactory-objects/4
http://data.odeuropa.eu/vocabulary/olfactory-objects/129,skos_broader.csv,http://data.odeuropa.eu/vocabulary/olfactory-objects/554
http://data.odeuropa.eu/vocabulary/olfactory-objects/19,skos_broader.csv,http://data.odeuropa.eu/vocabulary/olfactory-objects/554
http://data.odeuropa.eu/vocabulary/olfactory-objects/130,skos_broader.csv,http://data.odeuropa.eu/vocabulary/olfactory-objects/558
http://data.odeuropa.eu/vocabulary/olfactory-objects/130,skos_broader.csv,http://data.odeuropa.eu/vocabulary/olfactory-objects/554
http://data.odeuropa.eu/vocabulary/olfactory-objects/131,skos_broader.csv,http://data.odeuropa.eu/vocabulary/olfactory-objects/554
http://data.odeuropa.eu/vocabulary/olfactory-objects/132,skos_broader.csv,http://data.odeuropa.eu/vocabulary/olfactory-objects/554
http://data.odeuropa.eu/vocabulary/olfactory-objects/133,skos_broader.csv,http://data.odeuropa.eu/vocabulary/olfactory-objects/554
http://data.odeuropa.eu/vocabulary/olfactory-objects/134,skos_broader.csv,http://data.odeuropa.eu/vocabulary/olfactory-objects/554
http://data.odeuropa.eu/vocabulary/olfactory-objects/136,skos_broader.csv,http://data.odeuropa.eu/vocabulary/olfactory-objects/554
http://data.odeuropa.eu/vocabulary/olfactory-objects/136,skos_broader.csv,http://data.odeuropa.eu/vocabulary/olfactory-objects/564
http://data.odeuropa.eu/vocabulary/olfactory-objects/137,skos_broader.csv,http://data.odeuropa.eu/vocabulary/olfactory-objects/4
http://data.odeuropa.eu/vocabulary/olfactory-objects/137,skos_broader.csv,http://data.odeuropa.eu/vocabulary/olfactory-objects/554
http://data.odeuropa.eu/vocabulary/olfactory-objects/141,skos_broader.csv,http://data.odeuropa.eu/vocabulary/olfactory-objects/554
http://data.odeuropa.eu/vocabulary/olfactory-objects/142,skos_broader.csv,http://data.odeuropa.eu/vocabulary/olfactory-objects/412
http://data.odeuropa.eu/vocabulary/olfactory-objects/142,skos_broader.csv,http://data.odeuropa.eu/vocabulary/olfactory-objects/554
http://data.odeuropa.eu/vocabulary/olfactory-objects/143,skos_broader.csv,http://data.odeuropa.eu/vocabulary/olfactory-objects/554
http://data.odeuropa.eu/vocabulary/olfactory-objects/148,skos_broader.csv,http://data.odeuropa.eu/vocabulary/olfactory-objects/412
http://data.odeuropa.eu/vocabulary/olfactory-objects/148,skos_broader.csv,http://data.odeuropa.eu/vocabulary/olfactory-objects/554
http://data.odeuropa.eu/vocabulary/olfactory-objects/149,skos_broader.csv,http://data.odeuropa.eu/vocabulary/olfactory-objects/554
http://data.odeuropa.eu/vocabulary/olfactory-objects/151,skos_broader.csv,http://data.odeuropa.eu/vocabulary/olfactory-objects/554
http://data.odeuropa.eu/vocabulary/olfactory-objects/157,skos_broader.csv,http://data.odeuropa.eu/vocabulary/olfactory-objects/554
http://data.odeuropa.eu/vocabulary/olfactory-objects/158,skos_broader.csv,http://data.odeuropa.eu/vocabulary/olfactory-objects/554
http://data.odeuropa.eu/vocabulary/olfactory-objects/164,skos_broader.csv,http://data.odeuropa.eu/vocabulary/olfactory-objects/405
http://data.odeuropa.eu/vocabulary/olfactory-objects/168,skos_broader.csv,http://data.odeuropa.eu/vocabulary/olfactory-objects/533
http://data.odeuropa.eu/vocabulary/olfactory-objects/168,skos_broader.csv,http://data.odeuropa.eu/vocabulary/olfactory-objects/554
http://data.odeuropa.eu/vocabulary/olfactory-objects/174,skos_broader.csv,http://data.odeuropa.eu/vocabulary/olfactory-objects/554
http://data.odeuropa.eu/vocabulary/olfactory-objects/2,skos_broader.csv,http://data.odeuropa.eu/vocabulary/olfactory-objects/405
http://data.odeuropa.eu/vocabulary/olfactory-objects/251,skos_broader.csv,http://data.odeuropa.eu/vocabulary/olfactory-objects/89
http://data.odeuropa.eu/vocabulary/olfactory-objects/251,skos_broader.csv,http://data.odeuropa.eu/vocabulary/olfactory-objects/554
http://data.odeuropa.eu/vocabulary/olfactory-objects/264,skos_broader.csv,http://data.odeuropa.eu/vocabulary/olfactory-objects/554
http://data.odeuropa.eu/vocabulary/olfactory-objects/264,skos_broader.csv,http://data.odeuropa.eu/vocabulary/olfactory-objects/564
http://data.odeuropa.eu/vocabulary/olfactory-objects/374,skos_broader.csv,http://data.odeuropa.eu/vocabulary/olfactory-objects/151
http://data.odeuropa.eu/vocabulary/olfactory-objects/374,skos_broader.csv,http://data.odeuropa.eu/vocabulary/olfactory-objects/554
http://data.odeuropa.eu/vocabulary/olfactory-objects/387,skos_broader.csv,http://data.odeuropa.eu/vocabulary/olfactory-objects/461
http://data.odeuropa.eu/vocabulary/olfactory-objects/387,skos_broader.csv,http://data.odeuropa.eu/vocabulary/olfactory-objects/13
http://data.odeuropa.eu/vocabulary/olfactory-objects/387,skos_broader.csv,http://data.odeuropa.eu/vocabulary/olfactory-objects/555
http://data.odeuropa.eu/vocabulary/olfactory-objects/448,skos_broader.csv,http://data.odeuropa.eu/vocabulary/olfactory-objects/554
http://data.odeuropa.eu/vocabulary/olfactory-objects/449,skos_broader.csv,http://data.odeuropa.eu/vocabulary/olfactory-objects/448
http://data.odeuropa.eu/vocabulary/olfactory-objects/449,skos_broader.csv,http://data.odeuropa.eu/vocabulary/olfactory-objects/554
http://data.odeuropa.eu/vocabulary/olfactory-objects/450,skos_broader.csv,http://data.odeuropa.eu/vocabulary/olfactory-objects/449
http://data.odeuropa.eu/vocabulary/olfactory-objects/450,skos_broader.csv,http://data.odeuropa.eu/vocabulary/olfactory-objects/554
http://data.odeuropa.eu/vocabulary/olfactory-objects/451,skos_broader.csv,http://data.odeuropa.eu/vocabulary/olfactory-objects/449
http://data.odeuropa.eu/vocabulary/olfactory-objects/451,skos_broader.csv,http://data.odeuropa.eu/vocabulary/olfactory-objects/554
http://data.odeuropa.eu/vocabulary/olfactory-objects/452,skos_broader.csv,http://data.odeuropa.eu/vocabulary/olfactory-objects/448
http://data.odeuropa.eu/vocabulary/olfactory-objects/452,skos_broader.csv,http://data.odeuropa.eu/vocabulary/olfactory-objects/554
http://data.odeuropa.eu/vocabulary/olfactory-objects/453,skos_broader.csv,http://data.odeuropa.eu/vocabulary/olfactory-objects/448
http://data.odeuropa.eu/vocabulary/olfactory-objects/453,skos_broader.csv,http://data.odeuropa.eu/vocabulary/olfactory-objects/554
http://data.odeuropa.eu/vocabulary/olfactory-objects/454,skos_broader.csv,http://data.odeuropa.eu/vocabulary/olfactory-objects/450
http://data.odeuropa.eu/vocabulary/olfactory-objects/454,skos_broader.csv,http://data.odeuropa.eu/vocabulary/olfactory-objects/554
http://data.odeuropa.eu/vocabulary/olfactory-objects/455,skos_broader.csv,http://data.odeuropa.eu/vocabulary/olfactory-objects/412
http://data.odeuropa.eu/vocabulary/olfactory-objects/455,skos_broader.csv,http://data.odeuropa.eu/vocabulary/olfactory-objects/554
http://data.odeuropa.eu/vocabulary/olfactory-objects/456,skos_broader.csv,http://data.odeuropa.eu/vocabulary/olfactory-objects/448
http://data.odeuropa.eu/vocabulary/olfactory-objects/456,skos_broader.csv,http://data.odeuropa.eu/vocabulary/olfactory-objects/554
http://data.odeuropa.eu/vocabulary/olfactory-objects/457,skos_broader.csv,http://data.odeuropa.eu/vocabulary/olfactory-objects/448
http://data.odeuropa.eu/vocabulary/olfactory-objects/457,skos_broader.csv,http://data.odeuropa.eu/vocabulary/olfactory-objects/554
http://data.odeuropa.eu/vocabulary/olfactory-objects/457,skos_broader.csv,http://data.odeuropa.eu/vocabulary/olfactory-objects/574
http://data.odeuropa.eu/vocabulary/olfactory-objects/458,skos_broader.csv,http://data.odeuropa.eu/vocabulary/olfactory-objects/448
http://data.odeuropa.eu/vocabulary/olfactory-objects/458,skos_broader.csv,http://data.odeuropa.eu/vocabulary/olfactory-objects/554
http://data.odeuropa.eu/vocabulary/olfactory-objects/458,skos_broader.csv,http://data.odeuropa.eu/vocabulary/olfactory-objects/574
http://data.odeuropa.eu/vocabulary/olfactory-objects/472,skos_broader.csv,http://data.odeuropa.eu/vocabulary/olfactory-objects/4
http://data.odeuropa.eu/vocabulary/olfactory-objects/472,skos_broader.csv,http://data.odeuropa.eu/vocabulary/olfactory-objects/554
http://data.odeuropa.eu/vocabulary/olfactory-objects/473,skos_broader.csv,http://data.odeuropa.eu/vocabulary/olfactory-objects/4
http://data.odeuropa.eu/vocabulary/olfactory-objects/473,skos_broader.csv,http://data.odeuropa.eu/vocabulary/olfactory-objects/554
